"","Date","DateCor","Position","Tank","Enclosure","Treatment","PredT","Density","Density.at.t.1","TotalTadMass","AvgTadMass","ChlAConcentration","TankChl","Salinity","Temp","pH","DO.","Collected.Volume..mL.","Copepoda","Diplostraca","Ostracoda","TotalZoop","Other","Detritious.Load","Leaf.Conent","CopepodPerLiter","DiploPerLiter","OstracodPerLiter","ZoopPerLiter","TotalCrust","Mass","FrogDensity","CumFrogMass","CumFrogDen","TotalAnuranMass","AvgAnuranMass","time"
"1",2024-07-23,2024-07-23,"1_A","1","A","5","0",3,3,1.1225,0.374166666666667,0.35424,NA,4.94,28.5,6.4,3.7,3880,189,7,0,196,12,"Null","Null",48.7113402061856,1.80412371134021,0,50.5154639175258,50.5154639175258,0,0,0,0,1.1225,0.374166666666667,1
"2",2024-08-03,2024-08-03,"1_A","1","A","5","0",3,3,2.2722,0.7574,1.48,1.44,5.1,27.8,4.59,27.6,3915,67,0,0,71,4,"Med","None",17.1136653895275,0,0,18.1353767560664,17.1136653895275,0,0,0,0,2.2722,0.7574,2
"3",2024-08-04,2024-08-17,"1_A","1","A","5","0",0,NA,0,0,1.41,1.41,5.03,25.7,6.39,39.1,3890,56,0,0,57,1,"Low","Low",14.3958868894602,0,0,14.6529562982005,14.3958868894602,0,0,0,0,0,0,3
"4",2024-08-18,2024-08-31,"1_A","1","A","5","0",0,NA,0,0,1.35,1.07,5.05,27.7,6.62,47.9,3820,61,0,0,63,2,"Low","None",15.9685863874346,0,0,16.4921465968586,15.9685863874346,0,0,0,0,0,0,4
"5",2024-09-01,2024-09-14,"1_A","1","A","5","0",0,NA,0,0,2.09,1.84,5.05,23.8,6.61,37.5,3795,52,0,0,55,3,"Med","Low",13.7022397891963,0,0,14.4927536231884,13.7022397891963,0,0,0,0,0,0,5
"6",2024-09-15,2024-09-28,"1_A","1","A","5","0",0,NA,0,0,3.71,5.55,4.6,25.8,6.56,19.3,4020,52,0,0,60,8,"Med","Low",12.9353233830846,0,0,14.9253731343284,12.9353233830846,0,0,0,0,0,0,6
"7",2024-09-28,2024-10-12,"1_A","1","A","5","0",0,NA,0,0,3.17,4,5.18,17.4,7.1,55,3880,82,0,0,84,2,"High","Low",21.1340206185567,0,0,21.6494845360825,21.1340206185567,0,0,0,0,0,0,7
"8",2024-10-12,2024-10-26,"1_A","1","A","5","0",0,NA,0,0,1.35,1.37,5.11,20.1,7.1,49.6,3880,57,0,1,63,5,"High","Low",14.6907216494845,0,0.257731958762887,16.2371134020619,14.9484536082474,0,0,0,0,0,0,8
"9",2024-10-26,2024-11-16,"1_A","1","A","5","0",0,NA,0,0,1.17,1.51,5.03,14.8,7.02,46.8,4155,76,0,0,76,0,"Very High","Med",18.2912154031288,0,0,18.2912154031288,18.2912154031288,0,0,0,0,0,0,9
"10",2024-07-23,2024-07-23,"1_B","1","B","5","1",28,46,3.4938,0.124778571428571,0.26448,NA,4.94,28.5,6.4,3.7,3880,189,7,0,196,12,"Null","Null",48.7113402061856,1.80412371134021,0,50.5154639175258,50.5154639175258,0,0,0,0,3.4938,0.124778571428571,1
"11",2024-08-03,2024-08-03,"1_B","1","B","5","1",9,28,2.5922,0.288022222222222,1.07,1.44,5.1,27.8,4.59,27.6,3915,67,0,0,71,4,"Med","None",17.1136653895275,0,0,18.1353767560664,17.1136653895275,0,0,0,0,2.5922,0.288022222222222,2
"12",2024-08-17,2024-08-17,"1_B","1","B","5","1",7,9,4.3498,0.6214,1.13,1.41,5.03,25.7,6.39,39.1,3890,56,0,0,57,1,"Low","Low",14.3958868894602,0,0,14.6529562982005,14.3958868894602,0,0,0,0,4.3498,0.6214,3
"13",2024-08-31,2024-08-31,"1_B","1","B","5","1",5,7,2.7796,0.55592,1.17,1.07,5.05,27.7,6.62,47.9,3820,61,0,0,63,2,"Low","None",15.9685863874346,0,0,16.4921465968586,15.9685863874346,0.2754,1,0.2754,1,3.055,0.509166666666667,4
"14",2024-09-14,2024-09-14,"1_B","1","B","5","1",2,5,1.4364,0.7182,2.22,1.84,5.05,23.8,6.61,37.5,3795,52,0,0,55,3,"Med","Low",13.7022397891963,0,0,14.4927536231884,13.7022397891963,0.4663,2,1.0111,4,2.4475,0.611875,5
"15",2024-09-15,2024-09-28,"1_B","1","B","5","1",0,NA,0,0,3.15,5.55,4.6,25.8,6.56,19.3,4020,52,0,0,60,8,"Med","Low",12.9353233830846,0,0,14.9253731343284,12.9353233830846,0.317,1,1.3281,5,1.3281,1.3281,6
"16",2024-09-28,2024-10-12,"1_B","1","B","5","1",0,NA,0,0,2.96,4,5.18,17.4,7.1,55,3880,82,0,0,84,2,"High","Low",21.1340206185567,0,0,21.6494845360825,21.1340206185567,0.317,1,1.3281,5,1.3281,1.3281,7
"17",2024-10-12,2024-10-26,"1_B","1","B","5","1",0,NA,0,0,1.51,1.37,5.11,20.1,7.1,49.6,3880,57,0,1,63,5,"High","Low",14.6907216494845,0,0.257731958762887,16.2371134020619,14.9484536082474,0.317,1,1.3281,5,1.3281,1.3281,8
"18",2024-10-26,2024-11-16,"1_B","1","B","5","1",0,NA,0,0,1.57,1.51,5.03,14.8,7.02,46.8,4155,76,0,0,76,0,"Very High","Med",18.2912154031288,0,0,18.2912154031288,18.2912154031288,0.317,1,1.3281,5,1.3281,1.3281,9
"19",2024-07-23,2024-07-23,"1_C","1","C","5","1",8,59,1.7676,0.22095,0.21504,NA,4.94,28.5,6.4,3.7,3880,189,7,0,196,12,"Null","Null",48.7113402061856,1.80412371134021,0,50.5154639175258,50.5154639175258,0,0,0,0,1.7676,0.22095,1
"20",2024-08-03,2024-08-03,"1_C","1","C","5","1",1,8,0.5219,0.5219,1.06,1.44,5.1,27.8,4.59,27.6,3915,67,0,0,71,4,"Med","None",17.1136653895275,0,0,18.1353767560664,17.1136653895275,0,0,0,0,0.5219,0.5219,2
"21",2024-08-17,2024-08-17,"1_C","1","C","5","1",1,1,1.2112,1.2112,0.79,1.41,5.03,25.7,6.39,39.1,3890,56,0,0,57,1,"Low","Low",14.3958868894602,0,0,14.6529562982005,14.3958868894602,0,0,0,0,1.2112,1.2112,3
"22",2024-08-31,2024-08-31,"1_C","1","C","5","1",0,NA,0,0,0.87,1.07,5.05,27.7,6.62,47.9,3820,61,0,0,63,2,"Low","None",15.9685863874346,0,0,16.4921465968586,15.9685863874346,0.5211,1,0.5211,1,0.5211,0.5211,4
"23",2024-09-14,2024-09-14,"1_C","1","C","5","1",0,NA,0,0,1.93,1.84,5.05,23.8,6.61,37.5,3795,52,0,0,55,3,"Med","Low",13.7022397891963,0,0,14.4927536231884,13.7022397891963,0.2042,1,0.7253,2,0.7253,0.7253,5
"24",2024-09-15,2024-09-28,"1_C","1","C","5","1",0,NA,0,0,5.92,5.55,4.6,25.8,6.56,19.3,4020,52,0,0,60,8,"Med","Low",12.9353233830846,0,0,14.9253731343284,12.9353233830846,0.2042,1,0.7253,2,0.7253,0.7253,6
"25",2024-09-28,2024-10-12,"1_C","1","C","5","1",0,NA,0,0,2.11,4,5.18,17.4,7.1,55,3880,82,0,0,84,2,"High","Low",21.1340206185567,0,0,21.6494845360825,21.1340206185567,0.2042,1,0.7253,2,0.7253,0.7253,7
"26",2024-10-12,2024-10-26,"1_C","1","C","5","1",0,NA,0,0,0.83,1.37,5.11,20.1,7.1,49.6,3880,57,0,1,63,5,"High","Low",14.6907216494845,0,0.257731958762887,16.2371134020619,14.9484536082474,0.2042,1,0.7253,2,0.7253,0.7253,8
"27",2024-10-26,2024-11-16,"1_C","1","C","5","1",0,NA,0,0,0.94,1.51,5.03,14.8,7.02,46.8,4155,76,0,0,76,0,"Very High","Med",18.2912154031288,0,0,18.2912154031288,18.2912154031288,0.2042,1,0.7253,2,0.7253,0.7253,9
"28",2024-07-23,2024-07-23,"1_D","1","D","5","0",30,33,3.6435,0.12145,0.38448,NA,4.94,28.5,6.4,3.7,3880,189,7,0,196,12,"Null","Null",48.7113402061856,1.80412371134021,0,50.5154639175258,50.5154639175258,0,0,0,0,3.6435,0.12145,1
"29",2024-08-03,2024-08-03,"1_D","1","D","5","0",13,30,3.087,0.237461538461538,1.09,1.44,5.1,27.8,4.59,27.6,3915,67,0,0,71,4,"Med","None",17.1136653895275,0,0,18.1353767560664,17.1136653895275,0,0,0,0,3.087,0.237461538461538,2
"30",2024-08-17,2024-08-17,"1_D","1","D","5","0",4,13,2.8129,0.703225,1.22,1.41,5.03,25.7,6.39,39.1,3890,56,0,0,57,1,"Low","Low",14.3958868894602,0,0,14.6529562982005,14.3958868894602,0,0,0,0,2.8129,0.703225,3
"31",2024-08-31,2024-08-31,"1_D","1","D","5","0",1,4,0.8329,0.8329,1.17,1.07,5.05,27.7,6.62,47.9,3820,61,0,0,63,2,"Low","None",15.9685863874346,0,0,16.4921465968586,15.9685863874346,0.9606,3,0.9606,3,1.7935,0.448375,4
"32",2024-09-14,2024-09-14,"1_D","1","D","5","0",0,NA,0,0,1.99,1.84,5.05,23.8,6.61,37.5,3795,52,0,0,55,3,"Med","Low",13.7022397891963,0,0,14.4927536231884,13.7022397891963,0.356,1,1.3166,4,1.3166,1.3166,5
"33",2024-09-15,2024-09-28,"1_D","1","D","5","0",0,NA,0,0,5.07,5.55,4.6,25.8,6.56,19.3,4020,52,0,0,60,8,"Med","Low",12.9353233830846,0,0,14.9253731343284,12.9353233830846,0.356,1,1.3166,4,1.3166,1.3166,6
"34",2024-09-28,2024-10-12,"1_D","1","D","5","0",0,NA,0,0,3.47,4,5.18,17.4,7.1,55,3880,82,0,0,84,2,"High","Low",21.1340206185567,0,0,21.6494845360825,21.1340206185567,0.356,1,1.3166,4,1.3166,1.3166,7
"35",2024-10-12,2024-10-26,"1_D","1","D","5","0",0,NA,0,0,4.53,1.37,5.11,20.1,7.1,49.6,3880,57,0,1,63,5,"High","Low",14.6907216494845,0,0.257731958762887,16.2371134020619,14.9484536082474,0.356,1,1.3166,4,1.3166,1.3166,8
"36",2024-10-26,2024-11-16,"1_D","1","D","5","0",0,NA,0,0,2.07,1.51,5.03,14.8,7.02,46.8,4155,76,0,0,76,0,"Very High","Med",18.2912154031288,0,0,18.2912154031288,18.2912154031288,0.356,1,1.3166,4,1.3166,1.3166,9
"37",2024-07-23,2024-07-23,"2_A","2","A","0.4","0",24,26,1.5885,0.0661875,0.40896,NA,0.38,27.9,6.06,35.4,3820,106,370,0,478,12,"Null","Null",27.7486910994764,96.8586387434555,0,125.130890052356,124.607329842932,0,0,0,0,1.5885,0.0661875,1
"38",2024-08-03,2024-08-03,"2_A","2","A","0.4","0",8,24,1.2478,0.155975,0.6,0.53,0.52,27.8,4.5,35.8,3775,89,26,0,115,0,"Low","Low",23.5761589403973,6.88741721854305,0,30.4635761589404,30.4635761589404,0,0,0,0,1.2478,0.155975,2
"39",2024-08-17,2024-08-17,"2_A","2","A","0.4","0",7,8,2.1778,0.311114285714286,0.52,0.57,0.39,25.5,4.67,41.7,3830,17,30,0,60,13,"Low","Low",4.43864229765013,7.83289817232376,0,15.6657963446475,12.2715404699739,0,0,0,0,2.1778,0.311114285714286,3
"40",2024-08-31,2024-08-31,"2_A","2","A","0.4","0",5,7,1.4947,0.29894,0.39,0.46,0.4,27.6,5.12,47.6,3685,11,24,0,43,8,"Med","Low",2.98507462686567,6.51289009497965,0,11.6689280868385,9.49796472184532,0,0,0,0,1.4947,0.29894,4
"41",2024-09-14,2024-09-14,"2_A","2","A","0.4","0",6,5,1.9165,0.319416666666667,0.35,0.46,0.41,23.7,5.34,49.9,3610,12,6,0,34,16,"Med","None",3.32409972299169,1.66204986149584,0,9.41828254847645,4.98614958448753,0,0,0,0,1.9165,0.319416666666667,5
"42",2024-09-28,2024-09-28,"2_A","2","A","0.4","0",5,NA,1.8711,0.37422,0.58,0.58,0.38,24.5,5.47,49.7,3970,5,13,0,24,6,"Med","Med",1.25944584382872,3.27455919395466,0,6.04534005037783,4.53400503778338,0,0,0,0,1.8711,0.37422,6
"43",2024-10-12,2024-10-12,"2_A","2","A","0.4","0",5,NA,2.0791,0.41582,0.79,0.95,0.41,17.2,6.35,63.5,3760,20,11,0,41,10,"Low","Low",5.31914893617021,2.92553191489362,0,10.9042553191489,8.24468085106383,0,0,0,0,2.0791,0.41582,7
"44",2024-10-26,2024-10-26,"2_A","2","A","0.4","0",5,NA,2.1826,0.43652,1.08,1.14,0.42,20.2,6.11,56.8,3520,21,55,0,93,17,"High","Med",5.96590909090909,15.625,0,26.4204545454545,21.5909090909091,0,0,0,0,2.1826,0.43652,8
"45",2024-11-16,2024-11-16,"2_A","2","A","0.4","0",5,NA,2.0914,0.41828,0.83,1.8,0.41,14.8,6.27,54,3950,101,46,0,188,41,"Med","Med",25.5696202531646,11.6455696202532,0,47.5949367088608,37.2151898734177,0,0,0,0,2.0914,0.41828,9
"46",2024-07-23,2024-07-23,"2_B","2","B","0.4","1",29,42,1.87,0.0644827586206897,0.59472,NA,0.38,27.9,6.06,35.4,3820,106,370,0,478,12,"Null","Null",27.7486910994764,96.8586387434555,0,125.130890052356,124.607329842932,0,0,0,0,1.87,0.0644827586206897,1
"47",2024-08-03,2024-08-03,"2_B","2","B","0.4","1",13,29,1.478,0.113692307692308,0.52,0.53,0.52,27.8,4.5,35.8,3775,89,26,0,115,0,"Low","Low",23.5761589403973,6.88741721854305,0,30.4635761589404,30.4635761589404,0,0,0,0,1.478,0.113692307692308,2
"48",2024-08-17,2024-08-17,"2_B","2","B","0.4","1",11,13,2.6045,0.236772727272727,0.59,0.57,0.39,25.5,4.67,41.7,3830,17,30,0,60,13,"Low","Low",4.43864229765013,7.83289817232376,0,15.6657963446475,12.2715404699739,0,0,0,0,2.6045,0.236772727272727,3
"49",2024-08-31,2024-08-31,"2_B","2","B","0.4","1",11,11,2.2546,0.204963636363636,0.34,0.46,0.4,27.6,5.12,47.6,3685,11,24,0,43,8,"Med","Low",2.98507462686567,6.51289009497965,0,11.6689280868385,9.49796472184532,0,0,0,0,2.2546,0.204963636363636,4
"50",2024-09-14,2024-09-14,"2_B","2","B","0.4","1",10,11,2.0304,0.20304,0.46,0.46,0.41,23.7,5.34,49.9,3610,12,6,0,34,16,"Med","None",3.32409972299169,1.66204986149584,0,9.41828254847645,4.98614958448753,0,0,0,0,2.0304,0.20304,5
"51",2024-09-28,2024-09-28,"2_B","2","B","0.4","1",8,NA,1.6144,0.2018,0.57,0.58,0.38,24.5,5.47,49.7,3970,5,13,0,24,6,"Med","Med",1.25944584382872,3.27455919395466,0,6.04534005037783,4.53400503778338,0,0,0,0,1.6144,0.2018,6
"52",2024-10-12,2024-10-12,"2_B","2","B","0.4","1",7,NA,1.5897,0.2271,0.95,0.95,0.41,17.2,6.35,63.5,3760,20,11,0,41,10,"Low","Low",5.31914893617021,2.92553191489362,0,10.9042553191489,8.24468085106383,0,0,0,0,1.5897,0.2271,7
"53",2024-10-26,2024-10-26,"2_B","2","B","0.4","1",6,NA,1.3879,0.231316666666667,1.27,1.14,0.42,20.2,6.11,56.8,3520,21,55,0,93,17,"High","Med",5.96590909090909,15.625,0,26.4204545454545,21.5909090909091,0,0,0,0,1.3879,0.231316666666667,8
"54",2024-11-16,2024-11-16,"2_B","2","B","0.4","1",5,NA,1.0347,0.20694,0.84,1.8,0.41,14.8,6.27,54,3950,101,46,0,188,41,"Med","Med",25.5696202531646,11.6455696202532,0,47.5949367088608,37.2151898734177,0,0,0,0,1.0347,0.20694,9
"55",2024-07-23,2024-07-23,"2_C","2","C","0.4","0",3,3,0.7166,0.238866666666667,0.3792,NA,0.38,27.9,6.06,35.4,3820,106,370,0,478,12,"Null","Null",27.7486910994764,96.8586387434555,0,125.130890052356,124.607329842932,0,0,0,0,0.7166,0.238866666666667,1
"56",2024-08-03,2024-08-03,"2_C","2","C","0.4","0",2,3,1.0164,0.5082,0.44,0.53,0.52,27.8,4.5,35.8,3775,89,26,0,115,0,"Low","Low",23.5761589403973,6.88741721854305,0,30.4635761589404,30.4635761589404,0,0,0,0,1.0164,0.5082,2
"57",2024-08-17,2024-08-17,"2_C","2","C","0.4","0",1,2,0.6922,0.6922,0.55,0.57,0.39,25.5,4.67,41.7,3830,17,30,0,60,13,"Low","Low",4.43864229765013,7.83289817232376,0,15.6657963446475,12.2715404699739,0,0,0,0,0.6922,0.6922,3
"58",2024-08-31,2024-08-31,"2_C","2","C","0.4","0",0,NA,0,0,0.39,0.46,0.4,27.6,5.12,47.6,3685,11,24,0,43,8,"Med","Low",2.98507462686567,6.51289009497965,0,11.6689280868385,9.49796472184532,0.222,1,0.4478,2,0.4478,0.4478,4
"59",2024-09-14,2024-09-14,"2_C","2","C","0.4","0",0,NA,0,0,0.62,0.46,0.41,23.7,5.34,49.9,3610,12,6,0,34,16,"Med","None",3.32409972299169,1.66204986149584,0,9.41828254847645,4.98614958448753,0.222,1,0.4478,2,0.4478,0.4478,5
"60",2024-09-28,2024-09-28,"2_C","2","C","0.4","0",6,NA,1.6796,0.279933333333333,0.88,0.58,0.38,24.5,5.47,49.7,3970,5,13,0,24,6,"Med","Med",1.25944584382872,3.27455919395466,0,6.04534005037783,4.53400503778338,0.222,1,0.4478,2,2.1274,0.303914285714286,6
"61",2024-10-12,2024-10-12,"2_C","2","C","0.4","0",0,NA,0,0,4.07,0.95,0.41,17.2,6.35,63.5,3760,20,11,0,41,10,"Low","Low",5.31914893617021,2.92553191489362,0,10.9042553191489,8.24468085106383,0.222,1,0.4478,2,0.4478,0.4478,7
"62",2024-10-26,2024-10-26,"2_C","2","C","0.4","0",0,NA,0,0,3.53,1.14,0.42,20.2,6.11,56.8,3520,21,55,0,93,17,"High","Med",5.96590909090909,15.625,0,26.4204545454545,21.5909090909091,0.222,1,0.4478,2,0.4478,0.4478,8
"63",2024-11-16,2024-11-16,"2_C","2","C","0.4","0",0,NA,0,0,1.03,1.8,0.41,14.8,6.27,54,3950,101,46,0,188,41,"Med","Med",25.5696202531646,11.6455696202532,0,47.5949367088608,37.2151898734177,0.222,1,0.4478,2,0.4478,0.4478,9
"64",2024-07-23,2024-07-23,"2_D","2","D","0.4","1",30,64,1.5906,0.05302,1.04832,NA,0.38,27.9,6.06,35.4,3820,106,370,0,478,12,"Null","Null",27.7486910994764,96.8586387434555,0,125.130890052356,124.607329842932,0,0,0,0,1.5906,0.05302,1
"65",2024-08-03,2024-08-03,"2_D","2","D","0.4","1",9,30,1.2579,0.139766666666667,0.58,0.53,0.52,27.8,4.5,35.8,3775,89,26,0,115,0,"Low","Low",23.5761589403973,6.88741721854305,0,30.4635761589404,30.4635761589404,0,0,0,0,1.2579,0.139766666666667,2
"66",2024-08-17,2024-08-17,"2_D","2","D","0.4","1",8,9,2.0213,0.2526625,0.51,0.57,0.39,25.5,4.67,41.7,3830,17,30,0,60,13,"Low","Low",4.43864229765013,7.83289817232376,0,15.6657963446475,12.2715404699739,0,0,0,0,2.0213,0.2526625,3
"67",2024-08-31,2024-08-31,"2_D","2","D","0.4","1",7,8,1.7219,0.245985714285714,0.49,0.46,0.4,27.6,5.12,47.6,3685,11,24,0,43,8,"Med","Low",2.98507462686567,6.51289009497965,0,11.6689280868385,9.49796472184532,0,0,0,0,1.7219,0.245985714285714,4
"68",2024-09-14,2024-09-14,"2_D","2","D","0.4","1",7,7,1.8112,0.258742857142857,0.39,0.46,0.41,23.7,5.34,49.9,3610,12,6,0,34,16,"Med","None",3.32409972299169,1.66204986149584,0,9.41828254847645,4.98614958448753,0,0,0,0,1.8112,0.258742857142857,5
"69",2024-09-28,2024-09-28,"2_D","2","D","0.4","1",0,NA,0,0,0.78,0.58,0.38,24.5,5.47,49.7,3970,5,13,0,24,6,"Med","Med",1.25944584382872,3.27455919395466,0,6.04534005037783,4.53400503778338,0,0,0,0,0,0,6
"70",2024-10-12,2024-10-12,"2_D","2","D","0.4","1",7,NA,1.9045,0.272071428571429,0.84,0.95,0.41,17.2,6.35,63.5,3760,20,11,0,41,10,"Low","Low",5.31914893617021,2.92553191489362,0,10.9042553191489,8.24468085106383,0,0,0,0,1.9045,0.272071428571429,7
"71",2024-10-26,2024-10-26,"2_D","2","D","0.4","1",7,NA,1.9191,0.274157142857143,2.32,1.14,0.42,20.2,6.11,56.8,3520,21,55,0,93,17,"High","Med",5.96590909090909,15.625,0,26.4204545454545,21.5909090909091,0,0,0,0,1.9191,0.274157142857143,8
"72",2024-11-16,2024-11-16,"2_D","2","D","0.4","1",6,NA,1.6236,0.2706,0.94,1.8,0.41,14.8,6.27,54,3950,101,46,0,188,41,"Med","Med",25.5696202531646,11.6455696202532,0,47.5949367088608,37.2151898734177,0,0,0,0,1.6236,0.2706,9
"73",2024-07-23,2024-07-23,"3_A","3","A","3","1",46,62,2.6289,0.05715,0.67968,NA,2.93,28.2,6.24,16.8,3800,130,157,0,288,12,"Null","Null",34.2105263157895,41.3157894736842,0,75.7894736842105,75.5263157894737,0,0,0,0,2.6289,0.05715,1
"74",2024-08-03,2024-08-03,"3_A","3","A","3","1",26,46,3.5507,0.136565384615385,0.57,1.02,3.12,28,4.44,31.1,3930,136,13,0,152,3,"Med","None",34.6055979643766,3.30788804071247,0,38.676844783715,37.9134860050891,0,0,0,0,3.5507,0.136565384615385,2
"75",2024-08-17,2024-08-17,"3_A","3","A","3","1",25,26,5.0282,0.201128,2.69,1.93,3.05,25.7,5.79,45.2,3970,122,0,0,140,18,"Med","Low",30.7304785894207,0,0,35.264483627204,30.7304785894207,0,0,0,0,5.0282,0.201128,3
"76",2024-08-31,2024-08-31,"3_A","3","A","3","1",24,25,4.7937,0.1997375,1.23,1.23,3.06,28,5.95,48.2,3930,27,0,0,28,1,"Med","Low",6.87022900763359,0,0,7.12468193384224,6.87022900763359,0,0,0,0,4.7937,0.1997375,4
"77",2024-09-14,2024-09-14,"3_A","3","A","3","1",25,24,5.638,0.22552,6.39,7.4,3.1,23.7,6.13,56,3820,30,0,0,36,6,"Med","None",7.85340314136126,0,0,9.42408376963351,7.85340314136126,0,0,0,0,5.638,0.22552,5
"78",2024-09-28,2024-09-28,"3_A","3","A","3","1",24,NA,5.5022,0.229258333333333,2.68,2.99,2.76,24.7,5.99,27.4,4100,162,1,0,189,26,"Med","Med",39.5121951219512,0.24390243902439,0,46.0975609756098,39.7560975609756,0,0,0,0,5.5022,0.229258333333333,6
"79",2024-10-12,2024-10-12,"3_A","3","A","3","1",21,NA,4.7578,0.226561904761905,0.68,0.62,3.15,17.2,6.45,63.3,3780,266,1,10,278,1,"Low","Low",70.3703703703704,0.264550264550265,2.64550264550265,73.5449735449735,73.2804232804233,0,0,0,0,4.7578,0.226561904761905,7
"80",2024-10-26,2024-10-26,"3_A","3","A","3","1",20,NA,4.3171,0.215855,0.51,2.01,3.02,20.5,6.34,58.8,3930,276,5,39,323,3,"Med","Med",70.2290076335878,1.27226463104326,9.9236641221374,82.1882951653944,81.4249363867685,0,0,0,0,4.3171,0.215855,8
"81",2024-11-16,2024-11-16,"3_A","3","A","3","1",8,NA,1.7629,0.2203625,0.53,0.66,3.01,14.8,6.65,64.7,4080,92,44,226,374,12,"Low","Low",22.5490196078431,10.7843137254902,55.3921568627451,91.6666666666667,88.7254901960784,0,0,0,0,1.7629,0.2203625,9
"82",2024-07-23,2024-07-23,"3_B","3","B","3","1",13,44,1.6747,0.128823076923077,2.27424,NA,2.93,28.2,6.24,16.8,3800,130,157,0,288,12,"Null","Null",34.2105263157895,41.3157894736842,0,75.7894736842105,75.5263157894737,0,0,0,0,1.6747,0.128823076923077,1
"83",2024-08-03,2024-08-03,"3_B","3","B","3","1",11,13,3.2676,0.297054545454545,0.85,1.02,3.12,28,4.44,31.1,3930,136,13,0,152,3,"Med","None",34.6055979643766,3.30788804071247,0,38.676844783715,37.9134860050891,0,0,0,0,3.2676,0.297054545454545,2
"84",2024-08-17,2024-08-17,"3_B","3","B","3","1",10,11,4.5739,0.45739,2.42,1.93,3.05,25.7,5.79,45.2,3970,122,0,0,140,18,"Med","Low",30.7304785894207,0,0,35.264483627204,30.7304785894207,0,0,0,0,4.5739,0.45739,3
"85",2024-08-31,2024-08-31,"3_B","3","B","3","1",9,10,3.9345,0.437166666666667,1.11,1.23,3.06,28,5.95,48.2,3930,27,0,0,28,1,"Med","Low",6.87022900763359,0,0,7.12468193384224,6.87022900763359,0,0,0,0,3.9345,0.437166666666667,4
"86",2024-09-14,2024-09-14,"3_B","3","B","3","1",9,9,4.601,0.511222222222222,6.29,7.4,3.1,23.7,6.13,56,3820,30,0,0,36,6,"Med","None",7.85340314136126,0,0,9.42408376963351,7.85340314136126,0.1939,1,0.1939,1,4.7949,0.47949,5
"87",2024-09-28,2024-09-28,"3_B","3","B","3","1",8,NA,4.1991,0.5248875,2.7,2.99,2.76,24.7,5.99,27.4,4100,162,1,0,189,26,"Med","Med",39.5121951219512,0.24390243902439,0,46.0975609756098,39.7560975609756,0.272,1,0.4659,2,4.665,0.518333333333333,6
"88",2024-10-12,2024-10-12,"3_B","3","B","3","1",6,NA,2.9889,0.49815,0.58,0.62,3.15,17.2,6.45,63.3,3780,266,1,10,278,1,"Low","Low",70.3703703703704,0.264550264550265,2.64550264550265,73.5449735449735,73.2804232804233,0.4034,2,0.8693,4,3.8582,0.482275,7
"89",2024-10-26,2024-10-26,"3_B","3","B","3","1",5,NA,2.3837,0.47674,1.01,2.01,3.02,20.5,6.34,58.8,3930,276,5,39,323,3,"Med","Med",70.2290076335878,1.27226463104326,9.9236641221374,82.1882951653944,81.4249363867685,0.4034,2,0.8693,4,3.253,0.464714285714286,8
"90",2024-11-16,2024-11-16,"3_B","3","B","3","1",5,NA,2.026,0.4052,0.69,0.66,3.01,14.8,6.65,64.7,4080,92,44,226,374,12,"Low","Low",22.5490196078431,10.7843137254902,55.3921568627451,91.6666666666667,88.7254901960784,0.4034,2,0.8693,4,2.8953,0.413614285714286,9
"91",2024-07-23,2024-07-23,"3_C","3","C","3","0",3,3,0.9262,0.308733333333333,6.85344,NA,2.93,28.2,6.24,16.8,3800,130,157,0,288,12,"Null","Null",34.2105263157895,41.3157894736842,0,75.7894736842105,75.5263157894737,0,0,0,0,0.9262,0.308733333333333,1
"92",2024-08-03,2024-08-03,"3_C","3","C","3","0",3,3,2.4535,0.817833333333333,0.62,1.02,3.12,28,4.44,31.1,3930,136,13,0,152,3,"Med","None",34.6055979643766,3.30788804071247,0,38.676844783715,37.9134860050891,0,0,0,0,2.4535,0.817833333333333,2
"93",2024-08-17,2024-08-17,"3_C","3","C","3","0",0,NA,0,0,1.69,1.93,3.05,25.7,5.79,45.2,3970,122,0,0,140,18,"Med","Low",30.7304785894207,0,0,35.264483627204,30.7304785894207,0,0,0,0,0,0,3
"94",2024-08-31,2024-08-31,"3_C","3","C","3","0",0,NA,0,0,1.22,1.23,3.06,28,5.95,48.2,3930,27,0,0,28,1,"Med","Low",6.87022900763359,0,0,7.12468193384224,6.87022900763359,0,0,0,0,0,0,4
"95",2024-09-14,2024-09-14,"3_C","3","C","3","0",0,NA,0,0,6.81,7.4,3.1,23.7,6.13,56,3820,30,0,0,36,6,"Med","None",7.85340314136126,0,0,9.42408376963351,7.85340314136126,0,0,0,0,0,0,5
"96",2024-09-28,2024-09-28,"3_C","3","C","3","0",0,NA,0,0,2.79,2.99,2.76,24.7,5.99,27.4,4100,162,1,0,189,26,"Med","Med",39.5121951219512,0.24390243902439,0,46.0975609756098,39.7560975609756,0,0,0,0,0,0,6
"97",2024-10-12,2024-10-12,"3_C","3","C","3","0",0,NA,0,0,0.53,0.62,3.15,17.2,6.45,63.3,3780,266,1,10,278,1,"Low","Low",70.3703703703704,0.264550264550265,2.64550264550265,73.5449735449735,73.2804232804233,0,0,0,0,0,0,7
"98",2024-10-26,2024-10-26,"3_C","3","C","3","0",0,NA,0,0,0.86,2.01,3.02,20.5,6.34,58.8,3930,276,5,39,323,3,"Med","Med",70.2290076335878,1.27226463104326,9.9236641221374,82.1882951653944,81.4249363867685,0,0,0,0,0,0,8
"99",2024-11-16,2024-11-16,"3_C","3","C","3","0",0,NA,0,0,0.43,0.66,3.01,14.8,6.65,64.7,4080,92,44,226,374,12,"Low","Low",22.5490196078431,10.7843137254902,55.3921568627451,91.6666666666667,88.7254901960784,0,0,0,0,0,0,9
"100",2024-07-23,2024-07-23,"3_D","3","D","3","0",25,29,2.4055,0.09622,0.83136,NA,2.93,28.2,6.24,16.8,3800,130,157,0,288,12,"Null","Null",34.2105263157895,41.3157894736842,0,75.7894736842105,75.5263157894737,0,0,0,0,2.4055,0.09622,1
"101",2024-08-03,2024-08-03,"3_D","3","D","3","0",22,25,4.8181,0.219004545454545,1.03,1.02,3.12,28,4.44,31.1,3930,136,13,0,152,3,"Med","None",34.6055979643766,3.30788804071247,0,38.676844783715,37.9134860050891,0,0,0,0,4.8181,0.219004545454545,2
"102",2024-08-17,2024-08-17,"3_D","3","D","3","0",22,22,6.9786,0.317209090909091,1.64,1.93,3.05,25.7,5.79,45.2,3970,122,0,0,140,18,"Med","Low",30.7304785894207,0,0,35.264483627204,30.7304785894207,0,0,0,0,6.9786,0.317209090909091,3
"103",2024-08-31,2024-08-31,"3_D","3","D","3","0",22,22,6.1235,0.278340909090909,1.73,1.23,3.06,28,5.95,48.2,3930,27,0,0,28,1,"Med","Low",6.87022900763359,0,0,7.12468193384224,6.87022900763359,0,0,0,0,6.1235,0.278340909090909,4
"104",2024-09-14,2024-09-14,"3_D","3","D","3","0",21,22,6.3936,0.304457142857143,7.21,7.4,3.1,23.7,6.13,56,3820,30,0,0,36,6,"Med","None",7.85340314136126,0,0,9.42408376963351,7.85340314136126,0,0,0,0,6.3936,0.304457142857143,5
"105",2024-09-28,2024-09-28,"3_D","3","D","3","0",21,NA,6.3579,0.302757142857143,2.52,2.99,2.76,24.7,5.99,27.4,4100,162,1,0,189,26,"Med","Med",39.5121951219512,0.24390243902439,0,46.0975609756098,39.7560975609756,0,0,0,0,6.3579,0.302757142857143,6
"106",2024-10-12,2024-10-12,"3_D","3","D","3","0",18,NA,5.5957,0.310872222222222,0.56,0.62,3.15,17.2,6.45,63.3,3780,266,1,10,278,1,"Low","Low",70.3703703703704,0.264550264550265,2.64550264550265,73.5449735449735,73.2804232804233,0,0,0,0,5.5957,0.310872222222222,7
"107",2024-10-26,2024-10-26,"3_D","3","D","3","0",12,NA,3.6224,0.301866666666667,0.84,2.01,3.02,20.5,6.34,58.8,3930,276,5,39,323,3,"Med","Med",70.2290076335878,1.27226463104326,9.9236641221374,82.1882951653944,81.4249363867685,0,0,0,0,3.6224,0.301866666666667,8
"108",2024-11-16,2024-11-16,"3_D","3","D","3","0",8,NA,2.0468,0.25585,0.52,0.66,3.01,14.8,6.65,64.7,4080,92,44,226,374,12,"Low","Low",22.5490196078431,10.7843137254902,55.3921568627451,91.6666666666667,88.7254901960784,0,0,0,0,2.0468,0.25585,9
"109",2024-07-23,2024-07-23,"4_A","4","A","0.4","0",14,15,1.0815,0.07725,0.04272,NA,0.39,28.1,6.14,21.1,3930,51,58,0,112,12,"Null","Null",12.9770992366412,14.7582697201018,0,28.498727735369,27.735368956743,0,0,0,0,1.0815,0.07725,1
"110",2024-08-03,2024-08-03,"4_A","4","A","0.4","0",10,14,1.229,0.1229,0.08,0.25,0.45,27.9,5.98,37.4,3925,41,12,0,53,0,"Med","Low",10.4458598726115,3.05732484076433,0,13.5031847133758,13.5031847133758,0,0,0,0,1.229,0.1229,2
"111",2024-08-17,2024-08-17,"4_A","4","A","0.4","0",9,10,2.3865,0.265166666666667,0.26,0.09,0.39,25.8,6.19,34.5,3985,2,128,0,132,2,"Low","Low",0.501882057716437,32.1204516938519,0,33.1242158092848,32.6223337515684,0,0,0,0,2.3865,0.265166666666667,3
"112",2024-08-31,2024-08-31,"4_A","4","A","0.4","0",9,9,2.4232,0.269244444444444,0.15,0.08,0.39,27.5,6.49,35.6,3875,8,9,0,23,6,"High","Low",2.06451612903226,2.32258064516129,0,5.93548387096774,4.38709677419355,0,0,0,0,2.4232,0.269244444444444,4
"113",2024-09-14,2024-09-14,"4_A","4","A","0.4","0",9,9,2.539,0.282111111111111,0.16,0.25,0.41,23.8,6.45,35.6,3980,6,71,2,81,2,"High","Low",1.50753768844221,17.8391959798995,0.50251256281407,20.3517587939699,19.8492462311558,0,0,0,0,2.539,0.282111111111111,5
"114",2024-09-28,2024-09-28,"4_A","4","A","0.4","0",8,NA,2.2092,0.27615,0.43,0.63,0.4,24.6,6.7,38.1,4175,6,40,11,61,4,"High","Med",1.43712574850299,9.58083832335329,2.63473053892216,14.6107784431138,13.6526946107784,0,0,0,0,2.2092,0.27615,6
"115",2024-10-12,2024-10-12,"4_A","4","A","0.4","0",8,NA,2.1307,0.2663375,0.28,0.12,0.42,17.5,6.99,49,3945,2,54,11,76,9,"Med","Low",0.506970849176172,13.6882129277567,2.78833967046895,19.2648922686946,16.9835234474018,0,0,0,0,2.1307,0.2663375,7
"116",2024-10-26,2024-10-26,"4_A","4","A","0.4","0",7,NA,1.7145,0.244928571428571,0.35,0.24,0.42,20.1,7.16,49.2,3975,18,149,73,253,13,"Med","Low",4.52830188679245,37.4842767295598,18.3647798742138,63.6477987421384,60.377358490566,0,0,0,0,1.7145,0.244928571428571,8
"117",2024-11-16,2024-11-16,"4_A","4","A","0.4","0",5,NA,1.2633,0.25266,0.7,0.88,0.46,14.9,6.88,44.3,4335,7,54,125,203,17,"Med","Med",1.61476355247982,12.4567474048443,28.8350634371396,46.8281430219146,42.9065743944637,0,0,0,0,1.2633,0.25266,9
"118",2024-07-23,2024-07-23,"4_B","4","B","0.4","1",27,77,1.0562,0.0391185185185185,0.0792,NA,0.39,28.1,6.14,21.1,3930,51,58,0,112,12,"Null","Null",12.9770992366412,14.7582697201018,0,28.498727735369,27.735368956743,0,0,0,0,1.0562,0.0391185185185185,1
"119",2024-08-03,2024-08-03,"4_B","4","B","0.4","1",7,27,0.5161,0.0737285714285714,0.15,0.25,0.45,27.9,5.98,37.4,3925,41,12,0,53,0,"Med","Low",10.4458598726115,3.05732484076433,0,13.5031847133758,13.5031847133758,0,0,0,0,0.5161,0.0737285714285714,2
"120",2024-08-17,2024-08-17,"4_B","4","B","0.4","1",7,7,1.4462,0.2066,0.18,0.09,0.39,25.8,6.19,34.5,3985,2,128,0,132,2,"Low","Low",0.501882057716437,32.1204516938519,0,33.1242158092848,32.6223337515684,0,0,0,0,1.4462,0.2066,3
"121",2024-08-31,2024-08-31,"4_B","4","B","0.4","1",7,7,1.5473,0.221042857142857,0.17,0.08,0.39,27.5,6.49,35.6,3875,8,9,0,23,6,"High","Low",2.06451612903226,2.32258064516129,0,5.93548387096774,4.38709677419355,0,0,0,0,1.5473,0.221042857142857,4
"122",2024-09-14,2024-09-14,"4_B","4","B","0.4","1",5,7,1.2098,0.24196,0.17,0.25,0.41,23.8,6.45,35.6,3980,6,71,2,81,2,"High","Low",1.50753768844221,17.8391959798995,0.50251256281407,20.3517587939699,19.8492462311558,0,0,0,0,1.2098,0.24196,5
"123",2024-09-28,2024-09-28,"4_B","4","B","0.4","1",5,NA,1.2165,0.2433,0.42,0.63,0.4,24.6,6.7,38.1,4175,6,40,11,61,4,"High","Med",1.43712574850299,9.58083832335329,2.63473053892216,14.6107784431138,13.6526946107784,0,0,0,0,1.2165,0.2433,6
"124",2024-10-12,2024-10-12,"4_B","4","B","0.4","1",5,NA,1.1407,0.22814,0.14,0.12,0.42,17.5,6.99,49,3945,2,54,11,76,9,"Med","Low",0.506970849176172,13.6882129277567,2.78833967046895,19.2648922686946,16.9835234474018,0,0,0,0,1.1407,0.22814,7
"125",2024-10-26,2024-10-26,"4_B","4","B","0.4","1",5,NA,1.0558,0.21116,0.27,0.24,0.42,20.1,7.16,49.2,3975,18,149,73,253,13,"Med","Low",4.52830188679245,37.4842767295598,18.3647798742138,63.6477987421384,60.377358490566,0,0,0,0,1.0558,0.21116,8
"126",2024-11-16,2024-11-16,"4_B","4","B","0.4","1",4,NA,0.7242,0.18105,1.65,0.88,0.46,14.9,6.88,44.3,4335,7,54,125,203,17,"Med","Med",1.61476355247982,12.4567474048443,28.8350634371396,46.8281430219146,42.9065743944637,0,0,0,0,0.7242,0.18105,9
"127",2024-07-23,2024-07-23,"4_C","4","C","0.4","1",26,35,1.4894,0.0572846153846154,0.06528,NA,0.39,28.1,6.14,21.1,3930,51,58,0,112,12,"Null","Null",12.9770992366412,14.7582697201018,0,28.498727735369,27.735368956743,0,0,0,0,1.4894,0.0572846153846154,1
"128",2024-08-03,2024-08-03,"4_C","4","C","0.4","1",10,26,0.9333,0.09333,0.15,0.25,0.45,27.9,5.98,37.4,3925,41,12,0,53,0,"Med","Low",10.4458598726115,3.05732484076433,0,13.5031847133758,13.5031847133758,0,0,0,0,0.9333,0.09333,2
"129",2024-08-17,2024-08-17,"4_C","4","C","0.4","1",7,10,1.7358,0.247971428571429,0.16,0.09,0.39,25.8,6.19,34.5,3985,2,128,0,132,2,"Low","Low",0.501882057716437,32.1204516938519,0,33.1242158092848,32.6223337515684,0,0,0,0,1.7358,0.247971428571429,3
"130",2024-08-31,2024-08-31,"4_C","4","C","0.4","1",7,7,1.7042,0.243457142857143,0.39,0.08,0.39,27.5,6.49,35.6,3875,8,9,0,23,6,"High","Low",2.06451612903226,2.32258064516129,0,5.93548387096774,4.38709677419355,0,0,0,0,1.7042,0.243457142857143,4
"131",2024-09-14,2024-09-14,"4_C","4","C","0.4","1",7,7,1.8792,0.268457142857143,0.13,0.25,0.41,23.8,6.45,35.6,3980,6,71,2,81,2,"High","Low",1.50753768844221,17.8391959798995,0.50251256281407,20.3517587939699,19.8492462311558,0,0,0,0,1.8792,0.268457142857143,5
"132",2024-09-28,2024-09-28,"4_C","4","C","0.4","1",7,NA,1.8699,0.267128571428571,0.43,0.63,0.4,24.6,6.7,38.1,4175,6,40,11,61,4,"High","Med",1.43712574850299,9.58083832335329,2.63473053892216,14.6107784431138,13.6526946107784,0,0,0,0,1.8699,0.267128571428571,6
"133",2024-10-12,2024-10-12,"4_C","4","C","0.4","1",7,NA,1.7015,0.243071428571429,0.07,0.12,0.42,17.5,6.99,49,3945,2,54,11,76,9,"Med","Low",0.506970849176172,13.6882129277567,2.78833967046895,19.2648922686946,16.9835234474018,0,0,0,0,1.7015,0.243071428571429,7
"134",2024-10-26,2024-10-26,"4_C","4","C","0.4","1",5,NA,1.1949,0.23898,0.28,0.24,0.42,20.1,7.16,49.2,3975,18,149,73,253,13,"Med","Low",4.52830188679245,37.4842767295598,18.3647798742138,63.6477987421384,60.377358490566,0,0,0,0,1.1949,0.23898,8
"135",2024-11-16,2024-11-16,"4_C","4","C","0.4","1",2,NA,0.6466,0.3233,0.44,0.88,0.46,14.9,6.88,44.3,4335,7,54,125,203,17,"Med","Med",1.61476355247982,12.4567474048443,28.8350634371396,46.8281430219146,42.9065743944637,0,0,0,0,0.6466,0.3233,9
"136",2024-07-23,2024-07-23,"4_D","4","D","0.4","0",6,6,0.7007,0.116783333333333,0.09168,NA,0.39,28.1,6.14,21.1,3930,51,58,0,112,12,"Null","Null",12.9770992366412,14.7582697201018,0,28.498727735369,27.735368956743,0,0,0,0,0.7007,0.116783333333333,1
"137",2024-08-03,2024-08-03,"4_D","4","D","0.4","0",4,6,0.7314,0.18285,0.12,0.25,0.45,27.9,5.98,37.4,3925,41,12,0,53,0,"Med","Low",10.4458598726115,3.05732484076433,0,13.5031847133758,13.5031847133758,0,0,0,0,0.7314,0.18285,2
"138",2024-08-17,2024-08-17,"4_D","4","D","0.4","0",4,4,1.7533,0.438325,0.09,0.09,0.39,25.8,6.19,34.5,3985,2,128,0,132,2,"Low","Low",0.501882057716437,32.1204516938519,0,33.1242158092848,32.6223337515684,0,0,0,0,1.7533,0.438325,3
"139",2024-08-31,2024-08-31,"4_D","4","D","0.4","0",4,4,1.6953,0.423825,0.4,0.08,0.39,27.5,6.49,35.6,3875,8,9,0,23,6,"High","Low",2.06451612903226,2.32258064516129,0,5.93548387096774,4.38709677419355,0,0,0,0,1.6953,0.423825,4
"140",2024-09-14,2024-09-14,"4_D","4","D","0.4","0",4,4,1.7634,0.44085,0.14,0.25,0.41,23.8,6.45,35.6,3980,6,71,2,81,2,"High","Low",1.50753768844221,17.8391959798995,0.50251256281407,20.3517587939699,19.8492462311558,0,0,0,0,1.7634,0.44085,5
"141",2024-09-28,2024-09-28,"4_D","4","D","0.4","0",2,NA,0.7515,0.37575,0.5,0.63,0.4,24.6,6.7,38.1,4175,6,40,11,61,4,"High","Med",1.43712574850299,9.58083832335329,2.63473053892216,14.6107784431138,13.6526946107784,0,0,0,0,0.7515,0.37575,6
"142",2024-10-12,2024-10-12,"4_D","4","D","0.4","0",2,NA,0.7182,0.3591,0.05,0.12,0.42,17.5,6.99,49,3945,2,54,11,76,9,"Med","Low",0.506970849176172,13.6882129277567,2.78833967046895,19.2648922686946,16.9835234474018,0,0,0,0,0.7182,0.3591,7
"143",2024-10-26,2024-10-26,"4_D","4","D","0.4","0",1,NA,0.357,0.357,0.52,0.24,0.42,20.1,7.16,49.2,3975,18,149,73,253,13,"Med","Low",4.52830188679245,37.4842767295598,18.3647798742138,63.6477987421384,60.377358490566,0.2206,1,0.2206,1,0.5776,0.2888,8
"144",2024-11-16,2024-11-16,"4_D","4","D","0.4","0",1,NA,0.1595,0.1595,1.24,0.88,0.46,14.9,6.88,44.3,4335,7,54,125,203,17,"Med","Med",1.61476355247982,12.4567474048443,28.8350634371396,46.8281430219146,42.9065743944637,0.2206,1,0.2206,1,0.3801,0.19005,9
"145",2024-07-23,2024-07-23,"5_A","5","A","3","1",68,80,2.6925,0.0395955882352941,0.14112,NA,2.96,28.2,6.21,1.2,3870,83,197,0,281,12,"Null","Null",21.4470284237726,50.9043927648579,0,72.609819121447,72.3514211886305,0,0,0,0,2.6925,0.0395955882352941,1
"146",2024-08-03,2024-08-03,"5_A","5","A","3","1",0,68,2.2977,0,0.36,0.43,3.12,28.3,5.76,35.5,3775,22,17,0,43,4,"Med","Low",5.82781456953642,4.50331125827815,0,11.3907284768212,10.3311258278146,0,0,0,0,2.2977,0,2
"147",2024-08-17,2024-08-17,"5_A","5","A","3","1",17,NA,2.2935,0.134911764705882,1.19,0.98,2.98,25.8,6.17,40.3,3825,50,15,0,71,6,"Med","Low",13.0718954248366,3.92156862745098,0,18.562091503268,16.9934640522876,0,0,0,0,2.2935,0.134911764705882,3
"148",2024-08-31,2024-08-31,"5_A","5","A","3","1",16,17,2.1982,0.1373875,0.69,1.01,3.08,27.7,6.34,47.6,3765,35,4,0,43,4,"Med","Low",9.29614873837981,1.06241699867198,0,11.4209827357238,10.3585657370518,0,0,0,0,2.1982,0.1373875,4
"149",2024-09-14,2024-09-14,"5_A","5","A","3","1",15,16,2.4168,0.16112,1.18,1.06,3.01,23.9,6.42,43.4,3845,43,40,5,94,6,"Med","Low",11.183355006502,10.4031209362809,1.30039011703511,24.4473342002601,22.8868660598179,0,0,0,0,2.4168,0.16112,5
"150",2024-09-28,2024-09-28,"5_A","5","A","3","1",15,NA,2.5058,0.167053333333333,1.06,0.91,2.58,25,6.27,27,3970,53,17,21,99,8,"Med","Low",13.3501259445844,4.28211586901763,5.2896725440806,24.9370277078086,22.9219143576826,0,0,0,0,2.5058,0.167053333333333,6
"151",2024-10-12,2024-10-12,"5_A","5","A","3","1",15,NA,2.3434,0.156226666666667,0.67,0.75,3,17.6,6.55,47.2,3820,35,53,29,118,1,"High","Low",9.16230366492147,13.8743455497382,7.59162303664921,30.8900523560209,30.6282722513089,0,0,0,0,2.3434,0.156226666666667,7
"152",2024-10-26,2024-10-26,"5_A","5","A","3","1",9,NA,1.515,0.168333333333333,0.88,0.79,3.03,20.3,6.63,50.2,3825,38,82,71,194,3,"Very High","Med",9.93464052287582,21.437908496732,18.562091503268,50.718954248366,49.9346405228758,0,0,0,0,1.515,0.168333333333333,8
"153",2024-11-16,2024-11-16,"5_A","5","A","3","1",5,NA,0.9845,0.1969,0.78,0.97,2.99,15.1,6.37,54.3,4120,68,19,44,136,5,"Med","Low",16.504854368932,4.61165048543689,10.6796116504854,33.0097087378641,31.7961165048544,0,0,0,0,0.9845,0.1969,9
"154",2024-07-23,2024-07-23,"5_B","5","B","3","0",5,7,0.7468,0.14936,0.2952,NA,2.96,28.2,6.21,1.2,3870,83,197,0,281,12,"Null","Null",21.4470284237726,50.9043927648579,0,72.609819121447,72.3514211886305,0,0,0,0,0.7468,0.14936,1
"155",2024-08-03,2024-08-03,"5_B","5","B","3","0",6,5,1.6603,0.276716666666667,0.47,0.43,3.12,28.3,5.76,35.5,3775,22,17,0,43,4,"Med","Low",5.82781456953642,4.50331125827815,0,11.3907284768212,10.3311258278146,0,0,0,0,1.6603,0.276716666666667,2
"156",2024-08-17,2024-08-17,"5_B","5","B","3","0",5,6,2.6847,0.53694,1.23,0.98,2.98,25.8,6.17,40.3,3825,50,15,0,71,6,"Med","Low",13.0718954248366,3.92156862745098,0,18.562091503268,16.9934640522876,0,0,0,0,2.6847,0.53694,3
"157",2024-08-31,2024-08-31,"5_B","5","B","3","0",6,5,2.6882,0.448033333333333,0.71,1.01,3.08,27.7,6.34,47.6,3765,35,4,0,43,4,"Med","Low",9.29614873837981,1.06241699867198,0,11.4209827357238,10.3585657370518,0,0,0,0,2.6882,0.448033333333333,4
"158",2024-09-14,2024-09-14,"5_B","5","B","3","0",5,6,2.497,0.4994,0.89,1.06,3.01,23.9,6.42,43.4,3845,43,40,5,94,6,"Med","Low",11.183355006502,10.4031209362809,1.30039011703511,24.4473342002601,22.8868660598179,0,0,0,0,2.497,0.4994,5
"159",2024-09-28,2024-09-28,"5_B","5","B","3","0",5,NA,2.596,0.5192,0.95,0.91,2.58,25,6.27,27,3970,53,17,21,99,8,"Med","Low",13.3501259445844,4.28211586901763,5.2896725440806,24.9370277078086,22.9219143576826,0,0,0,0,2.596,0.5192,6
"160",2024-10-12,2024-10-12,"5_B","5","B","3","0",4,NA,1.9582,0.48955,0.93,0.75,3,17.6,6.55,47.2,3820,35,53,29,118,1,"High","Low",9.16230366492147,13.8743455497382,7.59162303664921,30.8900523560209,30.6282722513089,0.2317,1,0.2317,1,2.1899,0.43798,7
"161",2024-10-26,2024-10-26,"5_B","5","B","3","0",4,NA,1.7956,0.4489,0.86,0.79,3.03,20.3,6.63,50.2,3825,38,82,71,194,3,"Very High","Med",9.93464052287582,21.437908496732,18.562091503268,50.718954248366,49.9346405228758,0.2317,1,0.2317,1,2.0273,0.40546,8
"162",2024-11-16,2024-11-16,"5_B","5","B","3","0",4,NA,1.6705,0.417625,0.63,0.97,2.99,15.1,6.37,54.3,4120,68,19,44,136,5,"Med","Low",16.504854368932,4.61165048543689,10.6796116504854,33.0097087378641,31.7961165048544,0.2317,1,0.2317,1,1.9022,0.38044,9
"163",2024-07-23,2024-07-23,"5_C","5","C","3","0",14,14,1.6045,0.114607142857143,0.144,NA,2.96,28.2,6.21,1.2,3870,83,197,0,281,12,"Null","Null",21.4470284237726,50.9043927648579,0,72.609819121447,72.3514211886305,0,0,0,0,1.6045,0.114607142857143,1
"164",2024-08-03,2024-08-03,"5_C","5","C","3","0",12,14,1.7797,0.148308333333333,0.33,0.43,3.12,28.3,5.76,35.5,3775,22,17,0,43,4,"Med","Low",5.82781456953642,4.50331125827815,0,11.3907284768212,10.3311258278146,0,0,0,0,1.7797,0.148308333333333,2
"165",2024-08-17,2024-08-17,"5_C","5","C","3","0",12,12,3.2655,0.272125,0.7,0.98,2.98,25.8,6.17,40.3,3825,50,15,0,71,6,"Med","Low",13.0718954248366,3.92156862745098,0,18.562091503268,16.9934640522876,0,0,0,0,3.2655,0.272125,3
"166",2024-08-31,2024-08-31,"5_C","5","C","3","0",12,12,3.213,0.26775,0.75,1.01,3.08,27.7,6.34,47.6,3765,35,4,0,43,4,"Med","Low",9.29614873837981,1.06241699867198,0,11.4209827357238,10.3585657370518,0,0,0,0,3.213,0.26775,4
"167",2024-09-14,2024-09-14,"5_C","5","C","3","0",12,12,3.2751,0.272925,0.9,1.06,3.01,23.9,6.42,43.4,3845,43,40,5,94,6,"Med","Low",11.183355006502,10.4031209362809,1.30039011703511,24.4473342002601,22.8868660598179,0,0,0,0,3.2751,0.272925,5
"168",2024-09-28,2024-09-28,"5_C","5","C","3","0",10,NA,2.7634,0.27634,0.97,0.91,2.58,25,6.27,27,3970,53,17,21,99,8,"Med","Low",13.3501259445844,4.28211586901763,5.2896725440806,24.9370277078086,22.9219143576826,0,0,0,0,2.7634,0.27634,6
"169",2024-10-12,2024-10-12,"5_C","5","C","3","0",10,NA,2.7163,0.27163,0.85,0.75,3,17.6,6.55,47.2,3820,35,53,29,118,1,"High","Low",9.16230366492147,13.8743455497382,7.59162303664921,30.8900523560209,30.6282722513089,0,0,0,0,2.7163,0.27163,7
"170",2024-10-26,2024-10-26,"5_C","5","C","3","0",9,NA,2.3846,0.264955555555556,0.97,0.79,3.03,20.3,6.63,50.2,3825,38,82,71,194,3,"Very High","Med",9.93464052287582,21.437908496732,18.562091503268,50.718954248366,49.9346405228758,0,0,0,0,2.3846,0.264955555555556,8
"171",2024-11-16,2024-11-16,"5_C","5","C","3","0",7,NA,1.5711,0.224442857142857,0.47,0.97,2.99,15.1,6.37,54.3,4120,68,19,44,136,5,"Med","Low",16.504854368932,4.61165048543689,10.6796116504854,33.0097087378641,31.7961165048544,0,0,0,0,1.5711,0.224442857142857,9
"172",2024-07-23,2024-07-23,"5_D","5","D","3","1",25,34,1.5625,0.0625,0.13248,NA,2.96,28.2,6.21,1.2,3870,83,197,0,281,12,"Null","Null",21.4470284237726,50.9043927648579,0,72.609819121447,72.3514211886305,0,0,0,0,1.5625,0.0625,1
"173",2024-08-03,2024-08-03,"5_D","5","D","3","1",14,25,1.4611,0.104364285714286,0.46,0.43,3.12,28.3,5.76,35.5,3775,22,17,0,43,4,"Med","Low",5.82781456953642,4.50331125827815,0,11.3907284768212,10.3311258278146,0,0,0,0,1.4611,0.104364285714286,2
"174",2024-08-17,2024-08-17,"5_D","5","D","3","1",13,14,2.6735,0.205653846153846,1.79,0.98,2.98,25.8,6.17,40.3,3825,50,15,0,71,6,"Med","Low",13.0718954248366,3.92156862745098,0,18.562091503268,16.9934640522876,0,0,0,0,2.6735,0.205653846153846,3
"175",2024-08-31,2024-08-31,"5_D","5","D","3","1",14,13,2.9152,0.208228571428571,1.05,1.01,3.08,27.7,6.34,47.6,3765,35,4,0,43,4,"Med","Low",9.29614873837981,1.06241699867198,0,11.4209827357238,10.3585657370518,0,0,0,0,2.9152,0.208228571428571,4
"176",2024-09-14,2024-09-14,"5_D","5","D","3","1",12,14,2.9041,0.242008333333333,1.04,1.06,3.01,23.9,6.42,43.4,3845,43,40,5,94,6,"Med","Low",11.183355006502,10.4031209362809,1.30039011703511,24.4473342002601,22.8868660598179,0,0,0,0,2.9041,0.242008333333333,5
"177",2024-09-28,2024-09-28,"5_D","5","D","3","1",10,NA,2.3013,0.23013,0.96,0.91,2.58,25,6.27,27,3970,53,17,21,99,8,"Med","Low",13.3501259445844,4.28211586901763,5.2896725440806,24.9370277078086,22.9219143576826,0,0,0,0,2.3013,0.23013,6
"178",2024-10-12,2024-10-12,"5_D","5","D","3","1",11,NA,2.3785,0.216227272727273,0.7,0.75,3,17.6,6.55,47.2,3820,35,53,29,118,1,"High","Low",9.16230366492147,13.8743455497382,7.59162303664921,30.8900523560209,30.6282722513089,0,0,0,0,2.3785,0.216227272727273,7
"179",2024-10-26,2024-10-26,"5_D","5","D","3","1",6,NA,1.3845,0.23075,1.07,0.79,3.03,20.3,6.63,50.2,3825,38,82,71,194,3,"Very High","Med",9.93464052287582,21.437908496732,18.562091503268,50.718954248366,49.9346405228758,0,0,0,0,1.3845,0.23075,8
"180",2024-11-16,2024-11-16,"5_D","5","D","3","1",5,NA,0.9487,0.18974,0.43,0.97,2.99,15.1,6.37,54.3,4120,68,19,44,136,5,"Med","Low",16.504854368932,4.61165048543689,10.6796116504854,33.0097087378641,31.7961165048544,0,0,0,0,0.9487,0.18974,9
"181",2024-07-23,2024-07-23,"6_A","6","A","5","0",17,17,2.6258,0.154458823529412,1.6032,NA,4.93,28.4,6.28,1,2965,532,0,0,532,12,"Null","Null",179.426644182125,0,0,179.426644182125,179.426644182125,0,0,0,0,2.6258,0.154458823529412,1
"182",2024-08-03,2024-08-03,"6_A","6","A","5","0",15,17,3.7413,0.24942,3.95,7.88,5.12,28.5,4.67,23.8,3915,308,2,0,314,4,"Low","Low",78.6717752234994,0.510855683269476,0,80.2043422733078,79.1826309067688,0,0,0,0,3.7413,0.24942,2
"183",2024-08-17,2024-08-17,"6_A","6","A","5","0",12,15,4.571,0.380916666666667,2.83,3.55,5.05,26.2,6.28,49.1,3890,180,1,0,191,10,"Med","Low",46.2724935732648,0.25706940874036,0,49.1002570694087,46.5295629820051,0,0,0,0,4.571,0.380916666666667,3
"184",2024-08-31,2024-08-31,"6_A","6","A","5","0",13,12,4.556,0.350461538461538,2.53,3.7,5.11,28,6.48,55.9,3830,86,0,0,93,7,"Low","High",22.4543080939948,0,0,24.2819843342037,22.4543080939948,0,0,0,0,4.556,0.350461538461538,4
"185",2024-09-14,2024-09-14,"6_A","6","A","5","0",10,13,6.5437,0.65437,7.59,8.05,5.11,24.2,6.61,57.2,3915,71,0,0,79,8,"Med","Low",18.1353767560664,0,0,20.1787994891443,18.1353767560664,0,0,0,0,6.5437,0.65437,5
"186",2024-09-28,2024-09-28,"6_A","6","A","5","0",11,NA,5.3159,0.483263636363636,3.1,4.77,4.37,25.2,6.39,34.3,4080,357,0,3,368,8,"Low","Low",87.5,0,0.735294117647059,90.1960784313725,88.2352941176471,0,0,0,0,5.3159,0.483263636363636,6
"187",2024-10-12,2024-10-12,"6_A","6","A","5","0",9,NA,4.3151,0.479455555555556,0.89,0.73,5.18,17.4,6.5,46.2,3855,192,0,12,207,3,"Med","Low",49.8054474708171,0,3.11284046692607,53.6964980544747,52.9182879377432,0,0,0,0,4.3151,0.479455555555556,7
"188",2024-10-26,2024-10-26,"6_A","6","A","5","0",9,NA,5.988,0.665333333333333,0.33,0.56,5,20.2,6.6,51,3860,169,0,31,202,2,"High","Med",43.7823834196891,0,8.03108808290155,52.3316062176166,51.8134715025907,0,0,0,0,5.988,0.665333333333333,8
"189",2024-11-16,2024-11-16,"6_A","6","A","5","0",9,NA,3.2735,0.363722222222222,0.42,0.51,5.04,15.3,6.73,56.4,4105,68,0,74,144,2,"High","Low",16.5651644336175,0,18.026796589525,35.0791717417783,34.5919610231425,0,0,0,0,3.2735,0.363722222222222,9
"190",2024-07-23,2024-07-23,"6_B","6","B","5","1",43,74,3.7992,0.088353488372093,0.7632,NA,4.93,28.4,6.28,1,2965,532,0,0,532,12,"Null","Null",179.426644182125,0,0,179.426644182125,179.426644182125,0,0,0,0,3.7992,0.088353488372093,1
"191",2024-08-03,2024-08-03,"6_B","6","B","5","1",30,43,4.3415,0.144716666666667,4.06,7.88,5.12,28.5,4.67,23.8,3915,308,2,0,314,4,"Low","Low",78.6717752234994,0.510855683269476,0,80.2043422733078,79.1826309067688,0,0,0,0,4.3415,0.144716666666667,2
"192",2024-08-17,2024-08-17,"6_B","6","B","5","1",27,30,5.6463,0.209122222222222,3.75,3.55,5.05,26.2,6.28,49.1,3890,180,1,0,191,10,"Med","Low",46.2724935732648,0.25706940874036,0,49.1002570694087,46.5295629820051,0,0,0,0,5.6463,0.209122222222222,3
"193",2024-08-31,2024-08-31,"6_B","6","B","5","1",25,27,5.584,0.22336,2.66,3.7,5.11,28,6.48,55.9,3830,86,0,0,93,7,"Low","High",22.4543080939948,0,0,24.2819843342037,22.4543080939948,0,0,0,0,5.584,0.22336,4
"194",2024-09-14,2024-09-14,"6_B","6","B","5","1",24,25,7.5356,0.313983333333333,7.95,8.05,5.11,24.2,6.61,57.2,3915,71,0,0,79,8,"Med","Low",18.1353767560664,0,0,20.1787994891443,18.1353767560664,0,0,0,0,7.5356,0.313983333333333,5
"195",2024-09-28,2024-09-28,"6_B","6","B","5","1",21,NA,6.1594,0.293304761904762,3.89,4.77,4.37,25.2,6.39,34.3,4080,357,0,3,368,8,"Low","Low",87.5,0,0.735294117647059,90.1960784313725,88.2352941176471,0,0,0,0,6.1594,0.293304761904762,6
"196",2024-10-12,2024-10-12,"6_B","6","B","5","1",21,NA,6.0458,0.287895238095238,1.17,0.73,5.18,17.4,6.5,46.2,3855,192,0,12,207,3,"Med","Low",49.8054474708171,0,3.11284046692607,53.6964980544747,52.9182879377432,0,0,0,0,6.0458,0.287895238095238,7
"197",2024-10-26,2024-10-26,"6_B","6","B","5","1",18,NA,4.6857,0.260316666666667,0.58,0.56,5,20.2,6.6,51,3860,169,0,31,202,2,"High","Med",43.7823834196891,0,8.03108808290155,52.3316062176166,51.8134715025907,0,0,0,0,4.6857,0.260316666666667,8
"198",2024-11-16,2024-11-16,"6_B","6","B","5","1",11,NA,2.8945,0.263136363636364,0.78,0.51,5.04,15.3,6.73,56.4,4105,68,0,74,144,2,"High","Low",16.5651644336175,0,18.026796589525,35.0791717417783,34.5919610231425,0,0,0,0,2.8945,0.263136363636364,9
"199",2024-07-23,2024-07-23,"6_C","6","C","5","0",5,5,1.8445,0.3689,4.21248,NA,4.93,28.4,6.28,1,2965,532,0,0,532,12,"Null","Null",179.426644182125,0,0,179.426644182125,179.426644182125,0,0,0,0,1.8445,0.3689,1
"200",2024-08-03,2024-08-03,"6_C","6","C","5","0",5,5,3.121,0.6242,1.82,7.88,5.12,28.5,4.67,23.8,3915,308,2,0,314,4,"Low","Low",78.6717752234994,0.510855683269476,0,80.2043422733078,79.1826309067688,0,0,0,0,3.121,0.6242,2
"201",2024-08-17,2024-08-17,"6_C","6","C","5","0",3,5,2.4724,0.824133333333333,3.64,3.55,5.05,26.2,6.28,49.1,3890,180,1,0,191,10,"Med","Low",46.2724935732648,0.25706940874036,0,49.1002570694087,46.5295629820051,0.3761,1,0.3761,1,2.8485,0.712125,3
"202",2024-08-31,2024-08-31,"6_C","6","C","5","0",1,3,1.0189,1.0189,2.96,3.7,5.11,28,6.48,55.9,3830,86,0,0,93,7,"Low","High",22.4543080939948,0,0,24.2819843342037,22.4543080939948,0.3761,1,0.3761,1,1.395,0.6975,4
"203",2024-09-14,2024-09-14,"6_C","6","C","5","0",0,NA,0,0,7.64,8.05,5.11,24.2,6.61,57.2,3915,71,0,0,79,8,"Med","Low",18.1353767560664,0,0,20.1787994891443,18.1353767560664,0.4477,1,1.7451,5,1.7451,1.7451,5
"204",2024-09-28,2024-09-28,"6_C","6","C","5","0",0,NA,0,0,4.99,4.77,4.37,25.2,6.39,34.3,4080,357,0,3,368,8,"Low","Low",87.5,0,0.735294117647059,90.1960784313725,88.2352941176471,0.4477,1,1.7451,5,1.7451,1.7451,6
"205",2024-10-12,2024-10-12,"6_C","6","C","5","0",0,NA,0,0,1.37,0.73,5.18,17.4,6.5,46.2,3855,192,0,12,207,3,"Med","Low",49.8054474708171,0,3.11284046692607,53.6964980544747,52.9182879377432,0.4477,1,1.7451,5,1.7451,1.7451,7
"206",2024-10-26,2024-10-26,"6_C","6","C","5","0",0,NA,0,0,1.52,0.56,5,20.2,6.6,51,3860,169,0,31,202,2,"High","Med",43.7823834196891,0,8.03108808290155,52.3316062176166,51.8134715025907,0.4477,1,1.7451,5,1.7451,1.7451,8
"207",2024-11-16,2024-11-16,"6_C","6","C","5","0",0,NA,0,0,0.85,0.51,5.04,15.3,6.73,56.4,4105,68,0,74,144,2,"High","Low",16.5651644336175,0,18.026796589525,35.0791717417783,34.5919610231425,0.4477,1,1.7451,5,1.7451,1.7451,9
"208",2024-07-23,2024-07-23,"6_D","6","D","5","1",13,36,2.2808,0.175446153846154,0.56688,NA,4.93,28.4,6.28,1,2965,532,0,0,532,12,"Null","Null",179.426644182125,0,0,179.426644182125,179.426644182125,0,0,0,0,2.2808,0.175446153846154,1
"209",2024-08-03,2024-08-03,"6_D","6","D","5","1",12,13,3.2738,0.272816666666667,5.07,7.88,5.12,28.5,4.67,23.8,3915,308,2,0,314,4,"Low","Low",78.6717752234994,0.510855683269476,0,80.2043422733078,79.1826309067688,0,0,0,0,3.2738,0.272816666666667,2
"210",2024-08-17,2024-08-17,"6_D","6","D","5","1",9,12,4.2925,0.476944444444445,3.33,3.55,5.05,26.2,6.28,49.1,3890,180,1,0,191,10,"Med","Low",46.2724935732648,0.25706940874036,0,49.1002570694087,46.5295629820051,0,0,0,0,4.2925,0.476944444444445,3
"211",2024-08-31,2024-08-31,"6_D","6","D","5","1",9,9,4.181,0.464555555555556,2.72,3.7,5.11,28,6.48,55.9,3830,86,0,0,93,7,"Low","High",22.4543080939948,0,0,24.2819843342037,22.4543080939948,0,0,0,0,4.181,0.464555555555556,4
"212",2024-09-14,2024-09-14,"6_D","6","D","5","1",9,9,5.2864,0.587377777777778,6.77,8.05,5.11,24.2,6.61,57.2,3915,71,0,0,79,8,"Med","Low",18.1353767560664,0,0,20.1787994891443,18.1353767560664,0,0,0,0,5.2864,0.587377777777778,5
"213",2024-09-28,2024-09-28,"6_D","6","D","5","1",6,NA,3.1916,0.531933333333333,5.05,4.77,4.37,25.2,6.39,34.3,4080,357,0,3,368,8,"Low","Low",87.5,0,0.735294117647059,90.1960784313725,88.2352941176471,0.4251,2,0.4251,2,3.6167,0.4520875,6
"214",2024-10-12,2024-10-12,"6_D","6","D","5","1",4,NA,2.2793,0.569825,0.81,0.73,5.18,17.4,6.5,46.2,3855,192,0,12,207,3,"Med","Low",49.8054474708171,0,3.11284046692607,53.6964980544747,52.9182879377432,0.2263,1,0.6514,3,2.9307,0.58614,7
"215",2024-10-26,2024-10-26,"6_D","6","D","5","1",3,NA,1.59,0.53,0.63,0.56,5,20.2,6.6,51,3860,169,0,31,202,2,"High","Med",43.7823834196891,0,8.03108808290155,52.3316062176166,51.8134715025907,0.2263,1,0.6514,3,2.2414,0.56035,8
"216",2024-11-16,2024-11-16,"6_D","6","D","5","1",3,NA,1.3249,0.441633333333333,0.44,0.51,5.04,15.3,6.73,56.4,4105,68,0,74,144,2,"High","Low",16.5651644336175,0,18.026796589525,35.0791717417783,34.5919610231425,0.2263,1,0.6514,3,1.9763,0.494075,9
"217",2024-07-23,2024-07-23,"7_A","7","A","3","1",16,49,1.047,0.0654375,0.16416,NA,2.88,28,6.27,2.2,3900,92,269,0,361,12,"Null","Null",23.5897435897436,68.974358974359,0,92.5641025641026,92.5641025641026,0,0,0,0,1.047,0.0654375,1
"218",2024-08-03,2024-08-03,"7_A","7","A","3","1",11,16,1.4985,0.136227272727273,0.55,0.38,3.13,28.5,5.58,28.6,3910,43,45,0,93,5,"Low","Low",10.997442455243,11.5089514066496,0,23.7851662404092,22.5063938618926,0,0,0,0,1.4985,0.136227272727273,2
"219",2024-08-17,2024-08-17,"7_A","7","A","3","1",8,11,2.2868,0.28585,4.78,4.4,3.01,26.2,6.32,32.8,3845,56,94,0,158,8,"High","Low",14.5643693107932,24.4473342002601,0,41.0923276983095,39.0117035110533,0,0,0,0,2.2868,0.28585,3
"220",2024-08-31,2024-08-31,"7_A","7","A","3","1",8,8,2.543,0.317875,1.74,2.39,3.09,27.8,6.33,41.1,3845,56,40,0,105,9,"Very High","Low",14.5643693107932,10.4031209362809,0,27.3081924577373,24.9674902470741,0,0,0,0,2.543,0.317875,4
"221",2024-09-14,2024-09-14,"7_A","7","A","3","1",8,8,3.4115,0.4264375,0.72,0.71,3.03,24,6.51,44.5,3940,52,32,2,87,1,"High","Low",13.1979695431472,8.12182741116751,0.50761421319797,22.0812182741117,21.8274111675127,0,0,0,0,3.4115,0.4264375,5
"222",2024-09-28,2024-09-28,"7_A","7","A","3","1",7,NA,3.3237,0.474814285714286,1.15,2.12,2.67,25.1,6.35,22.3,4090,31,28,1,66,6,"Med","Med",7.57946210268949,6.84596577017115,0.244498777506112,16.1369193154034,14.6699266503667,0.1992,1,0.1992,1,3.5229,0.4403625,6
"223",2024-10-12,2024-10-12,"7_A","7","A","3","1",6,NA,3.3886,0.564766666666667,2.78,2.04,3.08,17.5,6.72,48.6,3925,15,9,3,32,5,"Med","Low",3.82165605095541,2.29299363057325,0.764331210191083,8.15286624203822,6.87898089171975,0.2352,1,0.4344,2,3.823,0.546142857142857,7
"224",2024-10-26,2024-10-26,"7_A","7","A","3","1",5,NA,2.8072,0.56144,0.73,1.15,3.04,20.6,6.94,55.5,3750,12,20,14,48,2,"High","Low",3.2,5.33333333333333,3.73333333333333,12.8,12.2666666666667,0.2352,1,0.4344,2,3.2416,0.540266666666667,8
"225",2024-11-16,2024-11-16,"7_A","7","A","3","1",5,NA,2.6904,0.53808,0.68,0.59,3,15.3,6.76,48.3,4055,21,0,2,33,10,"Med","Low",5.17879161528977,0,0.493218249075216,8.13810110974106,5.67200986436498,0.2352,1,0.4344,2,3.1248,0.5208,9
"226",2024-07-23,2024-07-23,"7_B","7","B","3","0",35,40,1.4719,0.0420542857142857,0.1272,NA,2.88,28,6.27,2.2,3900,92,269,0,361,12,"Null","Null",23.5897435897436,68.974358974359,0,92.5641025641026,92.5641025641026,0,0,0,0,1.4719,0.0420542857142857,1
"227",2024-08-03,2024-08-03,"7_B","7","B","3","0",7,35,1.0186,0.145514285714286,0.44,0.38,3.13,28.5,5.58,28.6,3910,43,45,0,93,5,"Low","Low",10.997442455243,11.5089514066496,0,23.7851662404092,22.5063938618926,0,0,0,0,1.0186,0.145514285714286,2
"228",2024-08-17,2024-08-17,"7_B","7","B","3","0",7,7,2.8808,0.411542857142857,3.83,4.4,3.01,26.2,6.32,32.8,3845,56,94,0,158,8,"High","Low",14.5643693107932,24.4473342002601,0,41.0923276983095,39.0117035110533,0,0,0,0,2.8808,0.411542857142857,3
"229",2024-08-31,2024-08-31,"7_B","7","B","3","0",7,7,3.4404,0.491485714285714,2.41,2.39,3.09,27.8,6.33,41.1,3845,56,40,0,105,9,"Very High","Low",14.5643693107932,10.4031209362809,0,27.3081924577373,24.9674902470741,0,0,0,0,3.4404,0.491485714285714,4
"230",2024-09-14,2024-09-14,"7_B","7","B","3","0",7,7,3.6875,0.526785714285714,0.67,0.71,3.03,24,6.51,44.5,3940,52,32,2,87,1,"High","Low",13.1979695431472,8.12182741116751,0.50761421319797,22.0812182741117,21.8274111675127,0,0,0,0,3.6875,0.526785714285714,5
"231",2024-09-28,2024-09-28,"7_B","7","B","3","0",5,NA,2.6792,0.53584,1.15,2.12,2.67,25.1,6.35,22.3,4090,31,28,1,66,6,"Med","Med",7.57946210268949,6.84596577017115,0.244498777506112,16.1369193154034,14.6699266503667,0.5313,2,0.5313,2,3.2105,0.458642857142857,6
"232",2024-10-12,2024-10-12,"7_B","7","B","3","0",3,NA,2.1283,0.709433333333333,1.34,2.04,3.08,17.5,6.72,48.6,3925,15,9,3,32,5,"Med","Low",3.82165605095541,2.29299363057325,0.764331210191083,8.15286624203822,6.87898089171975,0.5404,2,1.0717,4,3.2,0.64,7
"233",2024-10-26,2024-10-26,"7_B","7","B","3","0",2,NA,1.3422,0.6711,1.16,1.15,3.04,20.6,6.94,55.5,3750,12,20,14,48,2,"High","Low",3.2,5.33333333333333,3.73333333333333,12.8,12.2666666666667,0.5404,2,1.0717,4,2.4139,0.603475,8
"234",2024-11-16,2024-11-16,"7_B","7","B","3","0",1,NA,0.7208,0.7208,0.65,0.59,3,15.3,6.76,48.3,4055,21,0,2,33,10,"Med","Low",5.17879161528977,0,0.493218249075216,8.13810110974106,5.67200986436498,0.2268,1,1.2985,5,2.0193,1.00965,9
"235",2024-07-23,2024-07-23,"7_C","7","C","3","0",2,2,0.5351,0.26755,0.08784,NA,2.88,28,6.27,2.2,3900,92,269,0,361,12,"Null","Null",23.5897435897436,68.974358974359,0,92.5641025641026,92.5641025641026,0,0,0,0,0.5351,0.26755,1
"236",2024-08-03,2024-08-03,"7_C","7","C","3","0",2,2,1.1001,0.55005,0.6,0.38,3.13,28.5,5.58,28.6,3910,43,45,0,93,5,"Low","Low",10.997442455243,11.5089514066496,0,23.7851662404092,22.5063938618926,0,0,0,0,1.1001,0.55005,2
"237",2024-08-17,2024-08-17,"7_C","7","C","3","0",2,2,1.7956,0.8978,3.9,4.4,3.01,26.2,6.32,32.8,3845,56,94,0,158,8,"High","Low",14.5643693107932,24.4473342002601,0,41.0923276983095,39.0117035110533,0,0,0,0,1.7956,0.8978,3
"238",2024-08-31,2024-08-31,"7_C","7","C","3","0",0,NA,0,0,4.29,2.39,3.09,27.8,6.33,41.1,3845,56,40,0,105,9,"Very High","Low",14.5643693107932,10.4031209362809,0,27.3081924577373,24.9674902470741,0.4687,1,0.8616,2,0.8616,0.8616,4
"239",2024-09-14,2024-09-14,"7_C","7","C","3","0",0,NA,0,0,1.57,0.71,3.03,24,6.51,44.5,3940,52,32,2,87,1,"High","Low",13.1979695431472,8.12182741116751,0.50761421319797,22.0812182741117,21.8274111675127,0.4687,1,0.8616,2,0.8616,0.8616,5
"240",2024-09-28,2024-09-28,"7_C","7","C","3","0",0,NA,0,0,2.08,2.12,2.67,25.1,6.35,22.3,4090,31,28,1,66,6,"Med","Med",7.57946210268949,6.84596577017115,0.244498777506112,16.1369193154034,14.6699266503667,0.4687,1,0.8616,2,0.8616,0.8616,6
"241",2024-10-12,2024-10-12,"7_C","7","C","3","0",0,NA,0,0,3.05,2.04,3.08,17.5,6.72,48.6,3925,15,9,3,32,5,"Med","Low",3.82165605095541,2.29299363057325,0.764331210191083,8.15286624203822,6.87898089171975,0.4687,1,0.8616,2,0.8616,0.8616,7
"242",2024-10-26,2024-10-26,"7_C","7","C","3","0",0,NA,0,0,3.43,1.15,3.04,20.6,6.94,55.5,3750,12,20,14,48,2,"High","Low",3.2,5.33333333333333,3.73333333333333,12.8,12.2666666666667,0.4687,1,0.8616,2,0.8616,0.8616,8
"243",2024-11-16,2024-11-16,"7_C","7","C","3","0",0,NA,0,0,1.59,0.59,3,15.3,6.76,48.3,4055,21,0,2,33,10,"Med","Low",5.17879161528977,0,0.493218249075216,8.13810110974106,5.67200986436498,0.4687,1,0.8616,2,0.8616,0.8616,9
"244",2024-07-23,2024-07-23,"7_D","7","D","3","1",9,55,0.8265,0.0918333333333333,0.13152,NA,2.88,28,6.27,2.2,3900,92,269,0,361,12,"Null","Null",23.5897435897436,68.974358974359,0,92.5641025641026,92.5641025641026,0,0,0,0,0.8265,0.0918333333333333,1
"245",2024-08-03,2024-08-03,"7_D","7","D","3","1",6,9,1.2905,0.215083333333333,0.32,0.38,3.13,28.5,5.58,28.6,3910,43,45,0,93,5,"Low","Low",10.997442455243,11.5089514066496,0,23.7851662404092,22.5063938618926,0,0,0,0,1.2905,0.215083333333333,2
"246",2024-08-17,2024-08-17,"7_D","7","D","3","1",5,6,2.2236,0.44472,3.79,4.4,3.01,26.2,6.32,32.8,3845,56,94,0,158,8,"High","Low",14.5643693107932,24.4473342002601,0,41.0923276983095,39.0117035110533,0,0,0,0,2.2236,0.44472,3
"247",2024-08-31,2024-08-31,"7_D","7","D","3","1",5,5,2.5538,0.51076,1.79,2.39,3.09,27.8,6.33,41.1,3845,56,40,0,105,9,"Very High","Low",14.5643693107932,10.4031209362809,0,27.3081924577373,24.9674902470741,0,0,0,0,2.5538,0.51076,4
"248",2024-09-14,2024-09-14,"7_D","7","D","3","1",5,5,2.7673,0.55346,0.54,0.71,3.03,24,6.51,44.5,3940,52,32,2,87,1,"High","Low",13.1979695431472,8.12182741116751,0.50761421319797,22.0812182741117,21.8274111675127,0,0,0,0,2.7673,0.55346,5
"249",2024-09-28,2024-09-28,"7_D","7","D","3","1",2,NA,1.2722,0.6361,1.17,2.12,2.67,25.1,6.35,22.3,4090,31,28,1,66,6,"Med","Med",7.57946210268949,6.84596577017115,0.244498777506112,16.1369193154034,14.6699266503667,0.6005,3,0.6005,3,1.8727,0.37454,6
"250",2024-10-12,2024-10-12,"7_D","7","D","3","1",0,NA,0,0,3.78,2.04,3.08,17.5,6.72,48.6,3925,15,9,3,32,5,"Med","Low",3.82165605095541,2.29299363057325,0.764331210191083,8.15286624203822,6.87898089171975,0.5297,2,1.1302,5,1.1302,0.5651,7
"251",2024-10-26,2024-10-26,"7_D","7","D","3","1",0,NA,0,0,2.29,1.15,3.04,20.6,6.94,55.5,3750,12,20,14,48,2,"High","Low",3.2,5.33333333333333,3.73333333333333,12.8,12.2666666666667,0.5297,2,1.1302,5,1.1302,0.5651,8
"252",2024-11-16,2024-11-16,"7_D","7","D","3","1",0,NA,0,0,2.76,0.59,3,15.3,6.76,48.3,4055,21,0,2,33,10,"Med","Low",5.17879161528977,0,0.493218249075216,8.13810110974106,5.67200986436498,0.5297,2,1.1302,5,1.1302,0.5651,9
"253",2024-07-23,2024-07-23,"8_A","8","A","0.4","0",29,36,1.0473,0.0361137931034483,1.30704,NA,0.39,28,6.14,26,3860,59,71,0,135,12,"Null","Null",15.2849740932642,18.3937823834197,0,34.9740932642487,33.6787564766839,0,0,0,0,1.0473,0.0361137931034483,1
"254",2024-08-03,2024-08-03,"8_A","8","A","0.4","0",13,29,1.398,0.107538461538462,1.95,3.97,0.55,28.8,5.76,37.5,3900,30,166,0,209,13,"High","Med",7.69230769230769,42.5641025641026,0,53.5897435897436,50.2564102564103,0,0,0,0,1.398,0.107538461538462,2
"255",2024-08-17,2024-08-17,"8_A","8","A","0.4","0",10,13,2.2713,0.22713,1.74,1.65,0.38,27.1,5.95,42.6,3920,12,16,0,50,22,"High","Low",3.06122448979592,4.08163265306122,0,12.7551020408163,7.14285714285714,0,0,0,0,2.2713,0.22713,3
"256",2024-08-31,2024-08-31,"8_A","8","A","0.4","0",10,10,2.3201,0.23201,1.06,1.22,0.39,28.4,6.09,11.1,3820,6,14,1,32,11,"Med","None",1.57068062827225,3.66492146596859,0.261780104712042,8.37696335078534,5.49738219895288,0,0,0,0,2.3201,0.23201,4
"257",2024-09-14,2024-09-14,"8_A","8","A","0.4","0",9,10,2.0071,0.223011111111111,2.48,4.71,0.39,24.1,6.33,5.06,3840,10,64,143,268,51,"Very High","High",2.60416666666667,16.6666666666667,37.2395833333333,69.7916666666667,56.5104166666667,0,0,0,0,2.0071,0.223011111111111,5
"258",2024-09-28,2024-09-28,"8_A","8","A","0.4","0",8,NA,1.9359,0.2419875,2.91,4.57,0.38,24.5,6.35,45.1,4215,6,114,44,172,8,"Very High","High",1.42348754448399,27.0462633451957,10.4389086595492,40.8066429418743,38.9086595492289,0,0,0,0,1.9359,0.2419875,6
"259",2024-10-12,2024-10-12,"8_A","8","A","0.4","0",6,NA,1.4123,0.235383333333333,2.75,3.51,0.4,17.6,6.67,59.6,3870,1,46,13,90,30,"Low","Low",0.258397932816537,11.8863049095607,3.35917312661499,23.2558139534884,15.5038759689922,0,0,0,0,1.4123,0.235383333333333,7
"260",2024-10-26,2024-10-26,"8_A","8","A","0.4","0",4,NA,0.9859,0.246475,3.73,5.32,0.42,20.5,6.85,59.9,3745,0,110,30,261,121,"High","Low",0,29.3724966622163,8.01068090787717,69.6929238985314,37.3831775700935,0,0,0,0,0.9859,0.246475,8
"261",2024-11-16,2024-11-16,"8_A","8","A","0.4","0",2,NA,0.7787,0.38935,1.44,5.24,0.42,15.9,7.2,71.8,3905,4,34,7,125,80,"Med","Low",1.02432778489117,8.7067861715749,1.79257362355954,32.0102432778489,11.5236875800256,0,0,0,0,0.7787,0.38935,9
"262",2024-07-23,2024-07-23,"8_B","8","B","0.4","1",27,47,1.0905,0.0403888888888889,1.30416,NA,0.39,28,6.14,26,3860,59,71,0,135,12,"Null","Null",15.2849740932642,18.3937823834197,0,34.9740932642487,33.6787564766839,0,0,0,0,1.0905,0.0403888888888889,1
"263",2024-08-03,2024-08-03,"8_B","8","B","0.4","1",0,27,1.7416,0,2.08,3.97,0.55,28.8,5.76,37.5,3900,30,166,0,209,13,"High","Med",7.69230769230769,42.5641025641026,0,53.5897435897436,50.2564102564103,0,0,0,0,1.7416,0,2
"264",2024-08-17,2024-08-17,"8_B","8","B","0.4","1",13,NA,2.5869,0.198992307692308,1.27,1.65,0.38,27.1,5.95,42.6,3920,12,16,0,50,22,"High","Low",3.06122448979592,4.08163265306122,0,12.7551020408163,7.14285714285714,0,0,0,0,2.5869,0.198992307692308,3
"265",2024-08-31,2024-08-31,"8_B","8","B","0.4","1",11,13,2.4234,0.220309090909091,0.6,1.22,0.39,28.4,6.09,11.1,3820,6,14,1,32,11,"Med","None",1.57068062827225,3.66492146596859,0.261780104712042,8.37696335078534,5.49738219895288,0,0,0,0,2.4234,0.220309090909091,4
"266",2024-09-14,2024-09-14,"8_B","8","B","0.4","1",9,11,2.0767,0.230744444444444,2.93,4.71,0.39,24.1,6.33,5.06,3840,10,64,143,268,51,"Very High","High",2.60416666666667,16.6666666666667,37.2395833333333,69.7916666666667,56.5104166666667,0,0,0,0,2.0767,0.230744444444444,5
"267",2024-09-28,2024-09-28,"8_B","8","B","0.4","1",7,NA,1.6462,0.235171428571429,2.39,4.57,0.38,24.5,6.35,45.1,4215,6,114,44,172,8,"Very High","High",1.42348754448399,27.0462633451957,10.4389086595492,40.8066429418743,38.9086595492289,0,0,0,0,1.6462,0.235171428571429,6
"268",2024-10-12,2024-10-12,"8_B","8","B","0.4","1",7,NA,1.5124,0.216057142857143,2.3,3.51,0.4,17.6,6.67,59.6,3870,1,46,13,90,30,"Low","Low",0.258397932816537,11.8863049095607,3.35917312661499,23.2558139534884,15.5038759689922,0,0,0,0,1.5124,0.216057142857143,7
"269",2024-10-26,2024-10-26,"8_B","8","B","0.4","1",4,NA,0.8736,0.2184,2.04,5.32,0.42,20.5,6.85,59.9,3745,0,110,30,261,121,"High","Low",0,29.3724966622163,8.01068090787717,69.6929238985314,37.3831775700935,0,0,0,0,0.8736,0.2184,8
"270",2024-11-16,2024-11-16,"8_B","8","B","0.4","1",2,NA,0.6461,0.32305,1.45,5.24,0.42,15.9,7.2,71.8,3905,4,34,7,125,80,"Med","Low",1.02432778489117,8.7067861715749,1.79257362355954,32.0102432778489,11.5236875800256,0,0,0,0,0.6461,0.32305,9
"271",2024-07-23,2024-07-23,"8_C","8","C","0.4","1",27,57,1.2817,0.0474703703703704,1.40544,NA,0.39,28,6.14,26,3860,59,71,0,135,12,"Null","Null",15.2849740932642,18.3937823834197,0,34.9740932642487,33.6787564766839,0,0,0,0,1.2817,0.0474703703703704,1
"272",2024-08-03,2024-08-03,"8_C","8","C","0.4","1",4,27,0.4514,0.11285,2.91,3.97,0.55,28.8,5.76,37.5,3900,30,166,0,209,13,"High","Med",7.69230769230769,42.5641025641026,0,53.5897435897436,50.2564102564103,0,0,0,0,0.4514,0.11285,2
"273",2024-08-17,2024-08-17,"8_C","8","C","0.4","1",3,4,1.1271,0.3757,1.29,1.65,0.38,27.1,5.95,42.6,3920,12,16,0,50,22,"High","Low",3.06122448979592,4.08163265306122,0,12.7551020408163,7.14285714285714,0,0,0,0,1.1271,0.3757,3
"274",2024-08-31,2024-08-31,"8_C","8","C","0.4","1",3,3,1.3567,0.452233333333333,1.12,1.22,0.39,28.4,6.09,11.1,3820,6,14,1,32,11,"Med","None",1.57068062827225,3.66492146596859,0.261780104712042,8.37696335078534,5.49738219895288,0.2791,1,0.2791,1,1.6358,0.40895,4
"275",2024-09-14,2024-09-14,"8_C","8","C","0.4","1",3,3,1.3107,0.4369,4.28,4.71,0.39,24.1,6.33,5.06,3840,10,64,143,268,51,"Very High","High",2.60416666666667,16.6666666666667,37.2395833333333,69.7916666666667,56.5104166666667,0.2791,1,0.2791,1,1.5898,0.39745,5
"276",2024-09-28,2024-09-28,"8_C","8","C","0.4","1",3,NA,1.1986,0.399533333333333,2.84,4.57,0.38,24.5,6.35,45.1,4215,6,114,44,172,8,"Very High","High",1.42348754448399,27.0462633451957,10.4389086595492,40.8066429418743,38.9086595492289,0.2791,1,0.2791,1,1.4777,0.369425,6
"277",2024-10-12,2024-10-12,"8_C","8","C","0.4","1",2,NA,0.9126,0.4563,3.2,3.51,0.4,17.6,6.67,59.6,3870,1,46,13,90,30,"Low","Low",0.258397932816537,11.8863049095607,3.35917312661499,23.2558139534884,15.5038759689922,0.2791,1,0.2791,1,1.1917,0.397233333333333,7
"278",2024-10-26,2024-10-26,"8_C","8","C","0.4","1",1,NA,0.4544,0.4544,3.67,5.32,0.42,20.5,6.85,59.9,3745,0,110,30,261,121,"High","Low",0,29.3724966622163,8.01068090787717,69.6929238985314,37.3831775700935,0.2791,1,0.2791,1,0.7335,0.36675,8
"279",2024-11-16,2024-11-16,"8_C","8","C","0.4","1",1,NA,0.3604,0.3604,3.69,5.24,0.42,15.9,7.2,71.8,3905,4,34,7,125,80,"Med","Low",1.02432778489117,8.7067861715749,1.79257362355954,32.0102432778489,11.5236875800256,0.2791,1,0.2791,1,0.6395,0.31975,9
"280",2024-07-23,2024-07-23,"8_D","8","D","0.4","0",2,2,0.1761,0.08805,2.12208,NA,0.39,28,6.14,26,3860,59,71,0,135,12,"Null","Null",15.2849740932642,18.3937823834197,0,34.9740932642487,33.6787564766839,0,0,0,0,0.1761,0.08805,1
"281",2024-08-03,2024-08-03,"8_D","8","D","0.4","0",1,2,0.1275,0.1275,2.13,3.97,0.55,28.8,5.76,37.5,3900,30,166,0,209,13,"High","Med",7.69230769230769,42.5641025641026,0,53.5897435897436,50.2564102564103,0,0,0,0,0.1275,0.1275,2
"282",2024-08-17,2024-08-17,"8_D","8","D","0.4","0",1,1,0.3998,0.3998,1.99,1.65,0.38,27.1,5.95,42.6,3920,12,16,0,50,22,"High","Low",3.06122448979592,4.08163265306122,0,12.7551020408163,7.14285714285714,0,0,0,0,0.3998,0.3998,3
"283",2024-08-31,2024-08-31,"8_D","8","D","0.4","0",1,1,0.6602,0.6602,1.47,1.22,0.39,28.4,6.09,11.1,3820,6,14,1,32,11,"Med","None",1.57068062827225,3.66492146596859,0.261780104712042,8.37696335078534,5.49738219895288,0,0,0,0,0.6602,0.6602,4
"284",2024-09-14,2024-09-14,"8_D","8","D","0.4","0",1,1,0.6204,0.6204,2.59,4.71,0.39,24.1,6.33,5.06,3840,10,64,143,268,51,"Very High","High",2.60416666666667,16.6666666666667,37.2395833333333,69.7916666666667,56.5104166666667,0,0,0,0,0.6204,0.6204,5
"285",2024-09-28,2024-09-28,"8_D","8","D","0.4","0",1,NA,0.6518,0.6518,2.5,4.57,0.38,24.5,6.35,45.1,4215,6,114,44,172,8,"Very High","High",1.42348754448399,27.0462633451957,10.4389086595492,40.8066429418743,38.9086595492289,0,0,0,0,0.6518,0.6518,6
"286",2024-10-12,2024-10-12,"8_D","8","D","0.4","0",1,NA,0.6151,0.6151,2.51,3.51,0.4,17.6,6.67,59.6,3870,1,46,13,90,30,"Low","Low",0.258397932816537,11.8863049095607,3.35917312661499,23.2558139534884,15.5038759689922,0,0,0,0,0.6151,0.6151,7
"287",2024-10-26,2024-10-26,"8_D","8","D","0.4","0",1,NA,0.6248,0.6248,1.45,5.32,0.42,20.5,6.85,59.9,3745,0,110,30,261,121,"High","Low",0,29.3724966622163,8.01068090787717,69.6929238985314,37.3831775700935,0,0,0,0,0.6248,0.6248,8
"288",2024-11-16,2024-11-16,"8_D","8","D","0.4","0",1,NA,0.5509,0.5509,1.85,5.24,0.42,15.9,7.2,71.8,3905,4,34,7,125,80,"Med","Low",1.02432778489117,8.7067861715749,1.79257362355954,32.0102432778489,11.5236875800256,0,0,0,0,0.5509,0.5509,9
"289",2024-07-23,2024-07-23,"9_A","9","A","5","0",2,2,0.588,0.294,0.01536,NA,4.86,28.2,6.37,11.1,3029,141,1,0,167,25,"Low","Low",46.5500165070981,0.330141961043249,0,55.1337074942225,46.8801584681413,0,0,0,0,0.588,0.294,1
"290",2024-08-03,2024-08-03,"9_A","9","A","5","0",2,2,1.9274,0.9637,1.73,2.82,5.11,28.8,4.14,31.6,3970,48,4,0,57,5,"Med","Low",12.0906801007557,1.00755667506297,0,14.3576826196474,13.0982367758186,0,0,0,0,1.9274,0.9637,2
"291",2024-08-17,2024-08-17,"9_A","9","A","5","0",0,NA,0,0,2.16,2.34,5.09,27.2,5.88,45,3995,5,0,0,7,2,"Med","Low",1.25156445556946,0,0,1.75219023779725,1.25156445556946,0,0,0,0,0,0,3
"292",2024-08-31,2024-08-31,"9_A","9","A","5","0",0,NA,0,0,8.2,4.38,5.07,28.7,6.16,60.9,3910,4,1,0,5,0,"Low","Low",1.0230179028133,0.255754475703325,0,1.27877237851662,1.27877237851662,0,0,0,0,0,0,4
"293",2024-09-14,2024-09-14,"9_A","9","A","5","0",0,NA,0,0,19.79,19.71,5.15,24.5,6.21,55.9,3985,4,0,6,11,1,"Med","Low",1.00376411543287,0,1.50564617314931,2.7603513174404,2.50941028858218,0,0,0,0,0,0,5
"294",2024-09-28,2024-09-28,"9_A","9","A","5","0",0,NA,0,0,46.65,45.21,4.48,25.5,6.16,40.5,4130,27,4,2,38,5,"High","Med",6.53753026634383,0.968523002421308,0.484261501210654,9.20096852300242,7.99031476997579,0,0,0,0,0,0,6
"295",2024-10-12,2024-10-12,"9_A","9","A","5","0",0,NA,0,0,21.95,23.79,5.16,18,6.51,68.7,3960,39,0,7,49,3,"Low","Low",9.84848484848485,0,1.76767676767677,12.3737373737374,11.6161616161616,0,0,0,0,0,0,7
"296",2024-10-26,2024-10-26,"9_A","9","A","5","0",0,NA,0,0,8.46,10.45,5,20.8,6.54,68.5,3955,41,0,33,81,7,"Med","Med",10.3666245259166,0,8.34386852085967,20.480404551201,18.7104930467762,0,0,0,0,0,0,8
"297",2024-11-16,2024-11-16,"9_A","9","A","5","0",0,NA,0,0,7.89,9.24,5.02,15.7,6.71,62.8,4230,162,0,173,362,27,"High","Med",38.2978723404255,0,40.8983451536643,85.5791962174941,79.1962174940898,0,0,0,0,0,0,9
"298",2024-07-23,2024-07-23,"9_B","9","B","5","1",42,51,2.5673,0.0611261904761905,1.9008,NA,4.86,28.2,6.37,11.1,3029,141,1,0,167,25,"Low","Low",46.5500165070981,0.330141961043249,0,55.1337074942225,46.8801584681413,0,0,0,0,2.5673,0.0611261904761905,1
"299",2024-08-03,2024-08-03,"9_B","9","B","5","1",36,42,4.1395,0.114986111111111,2.66,2.82,5.11,28.8,4.14,31.6,3970,48,4,0,57,5,"Med","Low",12.0906801007557,1.00755667506297,0,14.3576826196474,13.0982367758186,0,0,0,0,4.1395,0.114986111111111,2
"300",2024-08-17,2024-08-17,"9_B","9","B","5","1",23,35,5.6575,0.245978260869565,2.31,2.34,5.09,27.2,5.88,45,3995,5,0,0,7,2,"Med","Low",1.25156445556946,0,0,1.75219023779725,1.25156445556946,0,0,0,0,5.6575,0.245978260869565,3
"301",2024-08-31,2024-08-31,"9_B","9","B","5","1",23,23,7.1413,0.310491304347826,7.66,4.38,5.07,28.7,6.16,60.9,3910,4,1,0,5,0,"Low","Low",1.0230179028133,0.255754475703325,0,1.27877237851662,1.27877237851662,0,0,0,0,7.1413,0.310491304347826,4
"302",2024-09-14,2024-09-14,"9_B","9","B","5","1",23,23,8.3989,0.365169565217391,19.59,19.71,5.15,24.5,6.21,55.9,3985,4,0,6,11,1,"Med","Low",1.00376411543287,0,1.50564617314931,2.7603513174404,2.50941028858218,0,0,0,0,8.3989,0.365169565217391,5
"303",2024-09-28,2024-09-28,"9_B","9","B","5","1",22,NA,7.5867,0.34485,47.97,45.21,4.48,25.5,6.16,40.5,4130,27,4,2,38,5,"High","Med",6.53753026634383,0.968523002421308,0.484261501210654,9.20096852300242,7.99031476997579,0,0,0,0,7.5867,0.34485,6
"304",2024-10-12,2024-10-12,"9_B","9","B","5","1",22,NA,7.2836,0.331072727272727,21.25,23.79,5.16,18,6.51,68.7,3960,39,0,7,49,3,"Low","Low",9.84848484848485,0,1.76767676767677,12.3737373737374,11.6161616161616,0,0,0,0,7.2836,0.331072727272727,7
"305",2024-10-26,2024-10-26,"9_B","9","B","5","1",20,NA,6.5636,0.32818,11.39,10.45,5,20.8,6.54,68.5,3955,41,0,33,81,7,"Med","Med",10.3666245259166,0,8.34386852085967,20.480404551201,18.7104930467762,0,0,0,0,6.5636,0.32818,8
"306",2024-11-16,2024-11-16,"9_B","9","B","5","1",18,NA,5.3653,0.298072222222222,8.32,9.24,5.02,15.7,6.71,62.8,4230,162,0,173,362,27,"High","Med",38.2978723404255,0,40.8983451536643,85.5791962174941,79.1962174940898,0,0,0,0,5.3653,0.298072222222222,9
"307",2024-07-23,2024-07-23,"9_C","9","C","5","1",24,53,1.771,0.0737916666666667,0.37392,NA,4.86,28.2,6.37,11.1,3029,141,1,0,167,25,"Low","Low",46.5500165070981,0.330141961043249,0,55.1337074942225,46.8801584681413,0,0,0,0,1.771,0.0737916666666667,1
"308",2024-08-03,2024-08-03,"9_C","9","C","5","1",15,24,2.6622,0.17748,1.67,2.82,5.11,28.8,4.14,31.6,3970,48,4,0,57,5,"Med","Low",12.0906801007557,1.00755667506297,0,14.3576826196474,13.0982367758186,0,0,0,0,2.6622,0.17748,2
"309",2024-08-17,2024-08-17,"9_C","9","C","5","1",10,15,3.9833,0.39833,2.4,2.34,5.09,27.2,5.88,45,3995,5,0,0,7,2,"Med","Low",1.25156445556946,0,0,1.75219023779725,1.25156445556946,0,0,0,0,3.9833,0.39833,3
"310",2024-08-31,2024-08-31,"9_C","9","C","5","1",8,10,4.0943,0.5117875,10.74,4.38,5.07,28.7,6.16,60.9,3910,4,1,0,5,0,"Low","Low",1.0230179028133,0.255754475703325,0,1.27877237851662,1.27877237851662,0.2328,1,0.2328,1,4.3271,0.480788888888889,4
"311",2024-09-14,2024-09-14,"9_C","9","C","5","1",8,8,4.8892,0.61115,19.93,19.71,5.15,24.5,6.21,55.9,3985,4,0,6,11,1,"Med","Low",1.00376411543287,0,1.50564617314931,2.7603513174404,2.50941028858218,0.2643,1,0.4971,2,5.3863,0.598477777777778,5
"312",2024-09-28,2024-09-28,"9_C","9","C","5","1",4,NA,2.2716,0.5679,38.27,45.21,4.48,25.5,6.16,40.5,4130,27,4,2,38,5,"High","Med",6.53753026634383,0.968523002421308,0.484261501210654,9.20096852300242,7.99031476997579,0.9956,4,1.4927,6,3.7643,0.4705375,6
"313",2024-10-12,2024-10-12,"9_C","9","C","5","1",2,NA,1.3351,0.66755,22.24,23.79,5.16,18,6.51,68.7,3960,39,0,7,49,3,"Low","Low",9.84848484848485,0,1.76767676767677,12.3737373737374,11.6161616161616,0.4991,2,1.9918,8,3.3269,0.831725,7
"314",2024-10-26,2024-10-26,"9_C","9","C","5","1",2,NA,1.3746,0.6873,10.78,10.45,5,20.8,6.54,68.5,3955,41,0,33,81,7,"Med","Med",10.3666245259166,0,8.34386852085967,20.480404551201,18.7104930467762,0.4991,2,1.9918,8,3.3664,0.8416,8
"315",2024-11-16,2024-11-16,"9_C","9","C","5","1",2,NA,1.1602,0.5801,8.86,9.24,5.02,15.7,6.71,62.8,4230,162,0,173,362,27,"High","Med",38.2978723404255,0,40.8983451536643,85.5791962174941,79.1962174940898,0.4991,2,1.9918,8,3.152,0.788,9
"316",2024-07-23,2024-07-23,"9_D","9","D","5","0",26,45,1.6884,0.0649384615384615,1.16208,NA,4.86,28.2,6.37,11.1,3029,141,1,0,167,25,"Low","Low",46.5500165070981,0.330141961043249,0,55.1337074942225,46.8801584681413,0,0,0,0,1.6884,0.0649384615384615,1
"317",2024-08-03,2024-08-03,"9_D","9","D","5","0",23,26,2.2988,0.0999478260869565,1.98,2.82,5.11,28.8,4.14,31.6,3970,48,4,0,57,5,"Med","Low",12.0906801007557,1.00755667506297,0,14.3576826196474,13.0982367758186,0,0,0,0,2.2988,0.0999478260869565,2
"318",2024-08-17,2024-08-17,"9_D","9","D","5","0",7,23,2.8127,0.401814285714286,2.47,2.34,5.09,27.2,5.88,45,3995,5,0,0,7,2,"Med","Low",1.25156445556946,0,0,1.75219023779725,1.25156445556946,0,0,0,0,2.8127,0.401814285714286,3
"319",2024-08-31,2024-08-31,"9_D","9","D","5","0",7,7,4.181,0.597285714285714,10.67,4.38,5.07,28.7,6.16,60.9,3910,4,1,0,5,0,"Low","Low",1.0230179028133,0.255754475703325,0,1.27877237851662,1.27877237851662,0,0,0,0,4.181,0.597285714285714,4
"320",2024-09-14,2024-09-14,"9_D","9","D","5","0",2,7,1.4911,0.74555,20.17,19.71,5.15,24.5,6.21,55.9,3985,4,0,6,11,1,"Med","Low",1.00376411543287,0,1.50564617314931,2.7603513174404,2.50941028858218,1.0992,4,1.0992,4,2.5903,0.431716666666667,5
"321",2024-09-28,2024-09-28,"9_D","9","D","5","0",1,NA,0.5643,0.5643,36.97,45.21,4.48,25.5,6.16,40.5,4130,27,4,2,38,5,"High","Med",6.53753026634383,0.968523002421308,0.484261501210654,9.20096852300242,7.99031476997579,0.2953,1,1.3945,5,1.9588,0.9794,6
"322",2024-10-12,2024-10-12,"9_D","9","D","5","0",0,NA,0,0,21.55,23.79,5.16,18,6.51,68.7,3960,39,0,7,49,3,"Low","Low",9.84848484848485,0,1.76767676767677,12.3737373737374,11.6161616161616,0.2953,1,1.3945,5,1.3945,1.3945,7
"323",2024-10-26,2024-10-26,"9_D","9","D","5","0",0,NA,0,0,8.1,10.45,5,20.8,6.54,68.5,3955,41,0,33,81,7,"Med","Med",10.3666245259166,0,8.34386852085967,20.480404551201,18.7104930467762,0.2953,1,1.3945,5,1.3945,1.3945,8
"324",2024-11-16,2024-11-16,"9_D","9","D","5","0",0,NA,0,0,6.96,9.24,5.02,15.7,6.71,62.8,4230,162,0,173,362,27,"High","Med",38.2978723404255,0,40.8983451536643,85.5791962174941,79.1962174940898,0.2953,1,1.3945,5,1.3945,1.3945,9
"325",2024-07-24,2024-07-23,"10_A","10","A","5","1",36,87,2.2448,0.0623555555555556,0.54672,NA,4.87,28.1,6.29,11.1,3890,95,0,0,98,3,"Med","High",24.4215938303342,0,0,25.1928020565553,24.4215938303342,0,0,0,0,2.2448,0.0623555555555556,1
"326",2024-08-03,2024-08-03,"10_A","10","A","5","1",18,36,3.167,0.175944444444444,3.69,16.51,5.14,29,5.6,30.4,3955,133,0,0,149,16,"Low","Low",33.6283185840708,0,0,37.6738305941846,33.6283185840708,0,0,0,0,3.167,0.175944444444444,2
"327",2024-08-18,2024-08-17,"10_A","10","A","5","1",16,18,3.8217,0.23885625,10,26.75,5.04,25.7,6.41,37.3,3925,465,0,0,482,17,"Med","Low",118.471337579618,0,0,122.802547770701,118.471337579618,0,0,0,0,3.8217,0.23885625,3
"328",2024-09-01,2024-08-31,"10_A","10","A","5","1",15,16,4.4568,0.29712,1.75,1.59,5.1,28.2,6.47,42.3,3840,497,0,0,502,5,"Low","None",129.427083333333,0,0,130.729166666667,129.427083333333,0,0,0,0,4.4568,0.29712,4
"329",2024-09-14,2024-09-14,"10_A","10","A","5","1",15,15,5.0909,0.339393333333333,0.59,1.04,5.13,24.1,6.67,50,3815,429,0,0,429,0,"High","Med",112.450851900393,0,0,112.450851900393,112.450851900393,0,0,0,0,5.0909,0.339393333333333,5
"330",2024-09-28,2024-09-28,"10_A","10","A","5","1",15,NA,5.2291,0.348606666666667,1.13,0.67,4.61,25.8,6.29,20.9,4105,408,0,6,416,2,"High","Med",99.3909866017052,0,1.46163215590743,101.339829476248,100.852618757613,0.3498,1,0.3498,1,5.5789,0.34868125,6
"331",2024-10-12,2024-10-12,"10_A","10","A","5","1",15,NA,5.2124,0.347493333333333,4.92,0.86,5.15,17.9,6.83,59.5,3975,98,0,23,123,2,"High","Low",24.6540880503145,0,5.78616352201258,30.9433962264151,30.440251572327,0.3498,1,0.3498,1,5.5622,0.3476375,7
"332",2024-10-26,2024-10-26,"10_A","10","A","5","1",15,NA,4.8626,0.324173333333333,0.9,1.14,5.04,21.2,6.94,60.1,4015,59,0,58,134,17,"Med","Med",14.6948941469489,0,14.4458281444583,33.3748443337484,29.1407222914072,0.3498,1,0.3498,1,5.2124,0.325775,8
"333",2024-11-16,2024-11-16,"10_A","10","A","5","1",13,NA,3.5631,0.274084615384615,0.89,1.86,5.05,15.8,6.86,63.3,4190,60,0,146,218,12,"Med","Med",14.3198090692124,0,34.8448687350835,52.0286396181384,49.1646778042959,0.3498,1,0.3498,1,3.9129,0.279492857142857,9
"334",2024-07-24,2024-07-23,"10_B","10","B","5","0",8,8,1.8152,0.2269,0.66528,NA,4.87,28.1,6.29,11.1,3890,95,0,0,98,3,"Med","High",24.4215938303342,0,0,25.1928020565553,24.4215938303342,0,0,0,0,1.8152,0.2269,1
"335",2024-08-03,2024-08-03,"10_B","10","B","5","0",7,8,3.0565,0.436642857142857,3.75,16.51,5.14,29,5.6,30.4,3955,133,0,0,149,16,"Low","Low",33.6283185840708,0,0,37.6738305941846,33.6283185840708,0,0,0,0,3.0565,0.436642857142857,2
"336",2024-08-18,2024-08-17,"10_B","10","B","5","0",7,7,4.4314,0.633057142857143,16.62,26.75,5.04,25.7,6.41,37.3,3925,465,0,0,482,17,"Med","Low",118.471337579618,0,0,122.802547770701,118.471337579618,0,0,0,0,4.4314,0.633057142857143,3
"337",2024-09-01,2024-08-31,"10_B","10","B","5","0",6,7,3.9887,0.664783333333333,1.92,1.59,5.1,28.2,6.47,42.3,3840,497,0,0,502,5,"Low","None",129.427083333333,0,0,130.729166666667,129.427083333333,0,0,0,0,3.9887,0.664783333333333,4
"338",2024-09-14,2024-09-14,"10_B","10","B","5","0",2,6,1.718,0.859,0.63,1.04,5.13,24.1,6.67,50,3815,429,0,0,429,0,"High","Med",112.450851900393,0,0,112.450851900393,112.450851900393,0.421,2,0.421,2,2.139,0.53475,5
"339",2024-09-28,2024-09-28,"10_B","10","B","5","0",7,NA,3.6065,0.515214285714286,1.1,0.67,4.61,25.8,6.29,20.9,4105,408,0,6,416,2,"High","Med",99.3909866017052,0,1.46163215590743,101.339829476248,100.852618757613,0.371,1,0.792,3,4.3985,0.5498125,6
"340",2024-10-12,2024-10-12,"10_B","10","B","5","0",0,NA,0,0,1.47,0.86,5.15,17.9,6.83,59.5,3975,98,0,23,123,2,"High","Low",24.6540880503145,0,5.78616352201258,30.9433962264151,30.440251572327,0.371,1,0.792,3,0.792,0.792,7
"341",2024-10-26,2024-10-26,"10_B","10","B","5","0",0,NA,0,0,1.01,1.14,5.04,21.2,6.94,60.1,4015,59,0,58,134,17,"Med","Med",14.6948941469489,0,14.4458281444583,33.3748443337484,29.1407222914072,0.371,1,0.792,3,0.792,0.792,8
"342",2024-11-16,2024-11-16,"10_B","10","B","5","0",0,NA,0,0,3.01,1.86,5.05,15.8,6.86,63.3,4190,60,0,146,218,12,"Med","Med",14.3198090692124,0,34.8448687350835,52.0286396181384,49.1646778042959,0.371,1,0.792,3,0.792,0.792,9
"343",2024-07-24,2024-07-23,"10_C","10","C","5","0",11,11,1.6438,0.149436363636364,0.62688,NA,4.87,28.1,6.29,11.1,3890,95,0,0,98,3,"Med","High",24.4215938303342,0,0,25.1928020565553,24.4215938303342,0,0,0,0,1.6438,0.149436363636364,1
"344",2024-08-03,2024-08-03,"10_C","10","C","5","0",10,11,3.0467,0.30467,5.34,16.51,5.14,29,5.6,30.4,3955,133,0,0,149,16,"Low","Low",33.6283185840708,0,0,37.6738305941846,33.6283185840708,0,0,0,0,3.0467,0.30467,2
"345",2024-08-18,2024-08-17,"10_C","10","C","5","0",9,10,4.1475,0.460833333333333,14.55,26.75,5.04,25.7,6.41,37.3,3925,465,0,0,482,17,"Med","Low",118.471337579618,0,0,122.802547770701,118.471337579618,0,0,0,0,4.1475,0.460833333333333,3
"346",2024-09-01,2024-08-31,"10_C","10","C","5","0",7,9,3.3759,0.482271428571429,0.7,1.59,5.1,28.2,6.47,42.3,3840,497,0,0,502,5,"Low","None",129.427083333333,0,0,130.729166666667,129.427083333333,0.2395,1,0.2395,1,3.6154,0.451925,4
"347",2024-09-14,2024-09-14,"10_C","10","C","5","0",7,7,3.6613,0.523042857142857,0.52,1.04,5.13,24.1,6.67,50,3815,429,0,0,429,0,"High","Med",112.450851900393,0,0,112.450851900393,112.450851900393,0.2395,1,0.2395,1,3.9008,0.4876,5
"348",2024-09-28,2024-09-28,"10_C","10","C","5","0",0,NA,0,0,1,0.67,4.61,25.8,6.29,20.9,4105,408,0,6,416,2,"High","Med",99.3909866017052,0,1.46163215590743,101.339829476248,100.852618757613,0.2395,1,0.2395,1,0.2395,0.2395,6
"349",2024-10-12,2024-10-12,"10_C","10","C","5","0",5,NA,2.5332,0.50664,3.17,0.86,5.15,17.9,6.83,59.5,3975,98,0,23,123,2,"High","Low",24.6540880503145,0,5.78616352201258,30.9433962264151,30.440251572327,0.5078,2,0.7473,3,3.2805,0.468642857142857,7
"350",2024-10-26,2024-10-26,"10_C","10","C","5","0",3,NA,1.6488,0.5496,1.34,1.14,5.04,21.2,6.94,60.1,4015,59,0,58,134,17,"Med","Med",14.6948941469489,0,14.4458281444583,33.3748443337484,29.1407222914072,0.2823,1,1.0296,4,2.6784,0.6696,8
"351",2024-11-16,2024-11-16,"10_C","10","C","5","0",2,NA,0.8069,0.40345,1.26,1.86,5.05,15.8,6.86,63.3,4190,60,0,146,218,12,"Med","Med",14.3198090692124,0,34.8448687350835,52.0286396181384,49.1646778042959,0.2823,1,1.0296,4,1.8365,0.612166666666667,9
"352",2024-07-24,2024-07-23,"10_D","10","D","5","1",27,30,2.2181,0.0821518518518519,0.37632,NA,4.87,28.1,6.29,11.1,3890,95,0,0,98,3,"Med","High",24.4215938303342,0,0,25.1928020565553,24.4215938303342,0,0,0,0,2.2181,0.0821518518518519,1
"353",2024-08-03,2024-08-03,"10_D","10","D","5","1",18,27,2.9151,0.16195,2.94,16.51,5.14,29,5.6,30.4,3955,133,0,0,149,16,"Low","Low",33.6283185840708,0,0,37.6738305941846,33.6283185840708,0,0,0,0,2.9151,0.16195,2
"354",2024-08-18,2024-08-17,"10_D","10","D","5","1",15,18,3.8401,0.256006666666667,23.29,26.75,5.04,25.7,6.41,37.3,3925,465,0,0,482,17,"Med","Low",118.471337579618,0,0,122.802547770701,118.471337579618,0,0,0,0,3.8401,0.256006666666667,3
"355",2024-09-01,2024-08-31,"10_D","10","D","5","1",10,15,3.7881,0.37881,2.43,1.59,5.1,28.2,6.47,42.3,3840,497,0,0,502,5,"Low","None",129.427083333333,0,0,130.729166666667,129.427083333333,0,0,0,0,3.7881,0.37881,4
"356",2024-09-14,2024-09-14,"10_D","10","D","5","1",13,10,4.1029,0.315607692307692,0.72,1.04,5.13,24.1,6.67,50,3815,429,0,0,429,0,"High","Med",112.450851900393,0,0,112.450851900393,112.450851900393,0,0,0,0,4.1029,0.315607692307692,5
"357",2024-09-28,2024-09-28,"10_D","10","D","5","1",12,NA,4.4762,0.373016666666667,0.96,0.67,4.61,25.8,6.29,20.9,4105,408,0,6,416,2,"High","Med",99.3909866017052,0,1.46163215590743,101.339829476248,100.852618757613,0,0,0,0,4.4762,0.373016666666667,6
"358",2024-10-12,2024-10-12,"10_D","10","D","5","1",8,NA,3.2448,0.4056,0.98,0.86,5.15,17.9,6.83,59.5,3975,98,0,23,123,2,"High","Low",24.6540880503145,0,5.78616352201258,30.9433962264151,30.440251572327,0,0,0,0,3.2448,0.4056,7
"359",2024-10-26,2024-10-26,"10_D","10","D","5","1",9,NA,3.4081,0.378677777777778,0.79,1.14,5.04,21.2,6.94,60.1,4015,59,0,58,134,17,"Med","Med",14.6948941469489,0,14.4458281444583,33.3748443337484,29.1407222914072,0,0,0,0,3.4081,0.378677777777778,8
"360",2024-11-16,2024-11-16,"10_D","10","D","5","1",8,NA,2.5285,0.3160625,0.86,1.86,5.05,15.8,6.86,63.3,4190,60,0,146,218,12,"Med","Med",14.3198090692124,0,34.8448687350835,52.0286396181384,49.1646778042959,0,0,0,0,2.5285,0.3160625,9
"361",2024-07-24,2024-07-23,"11_A","11","A","3","1",26,30,2.6316,0.101215384615385,0.19728,NA,2.96,28.1,6.07,1.2,3900,1,3,0,4,0,"Low","Low",0.256410256410256,0.769230769230769,0,1.02564102564103,1.02564102564103,0,0,0,0,2.6316,0.101215384615385,1
"362",2024-08-04,2024-08-03,"11_A","11","A","3","1",25,26,3.1095,0.12438,0.74,0.72,2.96,26.9,3.81,32.2,2932,7,0,0,8,1,"High","Low",2.38744884038199,0,0,2.72851296043656,2.38744884038199,0,0,0,0,3.1095,0.12438,2
"363",2024-08-18,2024-08-17,"11_A","11","A","3","1",7,25,0.8687,0.1241,0.93,1.37,3.21,25.7,2.58,3.06,3860,9,0,0,13,4,"Med","Low",2.33160621761658,0,0,3.36787564766839,2.33160621761658,0,0,0,0,0.8687,0.1241,3
"364",2024-09-01,2024-08-31,"11_A","11","A","3","1",0,NA,0,0,0.24,0.33,3.07,28.1,3.44,47.9,3880,3,1,0,6,2,"Low","Low",0.77319587628866,0.257731958762887,0,1.54639175257732,1.03092783505155,0,0,0,0,0,0,4
"365",2024-09-14,2024-09-14,"11_A","11","A","3","1",0,NA,0,0,0.39,0.54,3.07,24.2,3.44,62.9,3810,0,0,0,3,3,"Med","Low",0,0,0,0.78740157480315,0,0,0,0,0,0,0,5
"366",2024-09-28,2024-09-28,"11_A","11","A","3","1",0,NA,0,0,1.41,0.67,2.68,25.5,3.49,53.7,4045,0,0,1,2,1,"Med","High",0,0,0.247218788627936,0.494437577255872,0.247218788627936,0,0,0,0,0,0,6
"367",2024-10-12,2024-10-12,"11_A","11","A","3","1",0,NA,0,0,3.69,2.6,3.11,18.1,3.73,77.8,3800,0,0,0,1,1,"Med","Low",0,0,0,0.263157894736842,0,0,0,0,0,0,0,7
"368",2024-10-26,2024-10-26,"11_A","11","A","3","1",0,NA,0,0,5.48,0.87,3.04,21.4,3.96,77.6,3880,0,0,0,4,4,"Low","Low",0,0,0,1.03092783505155,0,0,0,0,0,0,0,8
"369",2024-11-16,2024-11-16,"11_A","11","A","3","1",0,NA,0,0,2.71,0.49,2.98,15.8,3.76,77.8,4065,0,0,0,0,0,"Med","Med",0,0,0,0,0,0,0,0,0,0,0,9
"370",2024-07-24,2024-07-23,"11_B","11","B","3","1",23,90,2.2228,0.0966434782608696,0.17856,NA,2.96,28.1,6.07,1.2,3900,1,3,0,4,0,"Low","Low",0.256410256410256,0.769230769230769,0,1.02564102564103,1.02564102564103,0,0,0,0,2.2228,0.0966434782608696,1
"371",2024-08-04,2024-08-03,"11_B","11","B","3","1",13,23,1.5184,0.1168,1.18,0.72,2.96,26.9,3.81,32.2,2932,7,0,0,8,1,"High","Low",2.38744884038199,0,0,2.72851296043656,2.38744884038199,0,0,0,0,1.5184,0.1168,2
"372",2024-08-18,2024-08-17,"11_B","11","B","3","1",4,13,0.4613,0.115325,1.91,1.37,3.21,25.7,2.58,3.06,3860,9,0,0,13,4,"Med","Low",2.33160621761658,0,0,3.36787564766839,2.33160621761658,0,0,0,0,0.4613,0.115325,3
"373",2024-09-01,2024-08-31,"11_B","11","B","3","1",0,NA,0,0,0.19,0.33,3.07,28.1,3.44,47.9,3880,3,1,0,6,2,"Low","Low",0.77319587628866,0.257731958762887,0,1.54639175257732,1.03092783505155,0,0,0,0,0,0,4
"374",2024-09-14,2024-09-14,"11_B","11","B","3","1",0,NA,0,0,0.42,0.54,3.07,24.2,3.44,62.9,3810,0,0,0,3,3,"Med","Low",0,0,0,0.78740157480315,0,0,0,0,0,0,0,5
"375",2024-09-28,2024-09-28,"11_B","11","B","3","1",0,NA,0,0,0.63,0.67,2.68,25.5,3.49,53.7,4045,0,0,1,2,1,"Med","High",0,0,0.247218788627936,0.494437577255872,0.247218788627936,0,0,0,0,0,0,6
"376",2024-10-12,2024-10-12,"11_B","11","B","3","1",0,NA,0,0,0.46,2.6,3.11,18.1,3.73,77.8,3800,0,0,0,1,1,"Med","Low",0,0,0,0.263157894736842,0,0,0,0,0,0,0,7
"377",2024-10-26,2024-10-26,"11_B","11","B","3","1",0,NA,0,0,0.61,0.87,3.04,21.4,3.96,77.6,3880,0,0,0,4,4,"Low","Low",0,0,0,1.03092783505155,0,0,0,0,0,0,0,8
"378",2024-11-16,2024-11-16,"11_B","11","B","3","1",0,NA,0,0,8.24,0.49,2.98,15.8,3.76,77.8,4065,0,0,0,0,0,"Med","Med",0,0,0,0,0,0,0,0,0,0,0,9
"379",2024-07-24,2024-07-23,"11_C","11","C","3","0",49,10,3.6096,0.073665306122449,0.23568,NA,2.96,28.1,6.07,1.2,3900,1,3,0,4,0,"Low","Low",0.256410256410256,0.769230769230769,0,1.02564102564103,1.02564102564103,0,0,0,0,3.6096,0.073665306122449,1
"380",2024-08-04,2024-08-03,"11_C","11","C","3","0",43,49,1.9565,0.0455,1.13,0.72,2.96,26.9,3.81,32.2,2932,7,0,0,8,1,"High","Low",2.38744884038199,0,0,2.72851296043656,2.38744884038199,0,0,0,0,1.9565,0.0455,2
"381",2024-08-18,2024-08-17,"11_C","11","C","3","0",6,43,0.5247,0.08745,1.15,1.37,3.21,25.7,2.58,3.06,3860,9,0,0,13,4,"Med","Low",2.33160621761658,0,0,3.36787564766839,2.33160621761658,0,0,0,0,0.5247,0.08745,3
"382",2024-09-01,2024-08-31,"11_C","11","C","3","0",0,NA,0,0,0.22,0.33,3.07,28.1,3.44,47.9,3880,3,1,0,6,2,"Low","Low",0.77319587628866,0.257731958762887,0,1.54639175257732,1.03092783505155,0,0,0,0,0,0,4
"383",2024-09-14,2024-09-14,"11_C","11","C","3","0",0,NA,0,0,0.42,0.54,3.07,24.2,3.44,62.9,3810,0,0,0,3,3,"Med","Low",0,0,0,0.78740157480315,0,0,0,0,0,0,0,5
"384",2024-09-28,2024-09-28,"11_C","11","C","3","0",0,NA,0,0,0.74,0.67,2.68,25.5,3.49,53.7,4045,0,0,1,2,1,"Med","High",0,0,0.247218788627936,0.494437577255872,0.247218788627936,0,0,0,0,0,0,6
"385",2024-10-12,2024-10-12,"11_C","11","C","3","0",0,NA,0,0,1.87,2.6,3.11,18.1,3.73,77.8,3800,0,0,0,1,1,"Med","Low",0,0,0,0.263157894736842,0,0,0,0,0,0,0,7
"386",2024-10-26,2024-10-26,"11_C","11","C","3","0",0,NA,0,0,1.72,0.87,3.04,21.4,3.96,77.6,3880,0,0,0,4,4,"Low","Low",0,0,0,1.03092783505155,0,0,0,0,0,0,0,8
"387",2024-11-16,2024-11-16,"11_C","11","C","3","0",0,NA,0,0,1.5,0.49,2.98,15.8,3.76,77.8,4065,0,0,0,0,0,"Med","Med",0,0,0,0,0,0,0,0,0,0,0,9
"388",2024-07-24,2024-07-23,"11_D","11","D","3","0",9,9,2.0866,0.231844444444444,0.14928,NA,2.96,28.1,6.07,1.2,3900,1,3,0,4,0,"Low","Low",0.256410256410256,0.769230769230769,0,1.02564102564103,1.02564102564103,0,0,0,0,2.0866,0.231844444444444,1
"389",2024-08-04,2024-08-03,"11_D","11","D","3","0",8,9,2.6235,0.3279375,1.91,0.72,2.96,26.9,3.81,32.2,2932,7,0,0,8,1,"High","Low",2.38744884038199,0,0,2.72851296043656,2.38744884038199,0,0,0,0,2.6235,0.3279375,2
"390",2024-08-18,2024-08-17,"11_D","11","D","3","0",6,8,1.4948,0.249133333333333,1.14,1.37,3.21,25.7,2.58,3.06,3860,9,0,0,13,4,"Med","Low",2.33160621761658,0,0,3.36787564766839,2.33160621761658,0,0,0,0,1.4948,0.249133333333333,3
"391",2024-09-01,2024-08-31,"11_D","11","D","3","0",0,NA,0,0,0.27,0.33,3.07,28.1,3.44,47.9,3880,3,1,0,6,2,"Low","Low",0.77319587628866,0.257731958762887,0,1.54639175257732,1.03092783505155,0,0,0,0,0,0,4
"392",2024-09-14,2024-09-14,"11_D","11","D","3","0",0,NA,0,0,1,0.54,3.07,24.2,3.44,62.9,3810,0,0,0,3,3,"Med","Low",0,0,0,0.78740157480315,0,0,0,0,0,0,0,5
"393",2024-09-28,2024-09-28,"11_D","11","D","3","0",0,NA,0,0,1.57,0.67,2.68,25.5,3.49,53.7,4045,0,0,1,2,1,"Med","High",0,0,0.247218788627936,0.494437577255872,0.247218788627936,0,0,0,0,0,0,6
"394",2024-10-12,2024-10-12,"11_D","11","D","3","0",0,NA,0,0,0.66,2.6,3.11,18.1,3.73,77.8,3800,0,0,0,1,1,"Med","Low",0,0,0,0.263157894736842,0,0,0,0,0,0,0,7
"395",2024-10-26,2024-10-26,"11_D","11","D","3","0",0,NA,0,0,3.12,0.87,3.04,21.4,3.96,77.6,3880,0,0,0,4,4,"Low","Low",0,0,0,1.03092783505155,0,0,0,0,0,0,0,8
"396",2024-11-16,2024-11-16,"11_D","11","D","3","0",0,NA,0,0,1.12,0.49,2.98,15.8,3.76,77.8,4065,0,0,0,0,0,"Med","Med",0,0,0,0,0,0,0,0,0,0,0,9
"397",2024-07-24,2024-07-23,"12_A","12","A","0.4","0",11,12,1.4684,0.133490909090909,6.9576,NA,2.35,28.1,6.3,30.2,2560,27,4,0,44,13,"Med","Low",10.546875,1.5625,0,17.1875,12.109375,0,0,0,0,1.4684,0.133490909090909,1
"398",2024-08-04,2024-08-03,"12_A","12","A","0.4","0",10,11,4.2655,0.42655,7.33,6.86,0.38,26.8,4.61,22,3955,9,12,0,24,3,"Med","Low",2.275600505689,3.03413400758533,0,6.06826801517067,5.30973451327434,0,0,0,0,4.2655,0.42655,2
"399",2024-08-18,2024-08-17,"12_A","12","A","0.4","0",9,10,3.8047,0.422744444444444,0.23,0.35,0.39,25.9,4.41,45.2,4050,1,0,0,7,6,"Med","Low",0.246913580246914,0,0,1.7283950617284,0.246913580246914,0,0,0,0,3.8047,0.422744444444444,3
"400",2024-09-01,2024-08-31,"12_A","12","A","0.4","0",9,9,3.7502,0.416688888888889,0.72,0.55,NA,NA,NA,NA,3790,10,0,0,13,3,"Low","None",2.63852242744063,0,0,3.43007915567282,2.63852242744063,0,0,0,0,3.7502,0.416688888888889,4
"401",2024-09-14,2024-09-14,"12_A","12","A","0.4","0",8,9,3.4652,0.43315,0.63,1.16,0.4,24.9,4.96,55.8,3725,5,2,0,11,4,"Low","Low",1.34228187919463,0.536912751677852,0,2.95302013422819,1.87919463087248,0,0,0,0,3.4652,0.43315,5
"402",2024-09-28,2024-09-28,"12_A","12","A","0.4","0",8,NA,3.3457,0.4182125,10.56,3.74,0.38,24.6,4.95,57.4,3350,386,13,7,423,17,"Med","High",115.223880597015,3.88059701492537,2.08955223880597,126.268656716418,121.194029850746,0,0,0,0,3.3457,0.4182125,6
"403",2024-10-12,2024-10-12,"12_A","12","A","0.4","0",8,NA,3.3157,0.4144625,15.83,6.56,0.31,18.9,6.13,59.8,2840,23,12,0,48,13,"Med","Med",8.09859154929577,4.22535211267606,0,16.9014084507042,12.3239436619718,0,0,0,0,3.3157,0.4144625,7
"404",2024-10-26,2024-10-26,"12_A","12","A","0.4","0",5,NA,2.2012,0.44024,6.65,4.91,0.42,21,6.15,57.1,3065,43,27,2,96,24,"Med","High",14.0293637846656,8.80913539967374,0.65252854812398,31.3213703099511,23.4910277324633,0.1212,1,0.3694,2,2.5706,0.428433333333333,8
"405",2024-11-16,2024-11-16,"12_A","12","A","0.4","0",5,NA,2.8182,0.56364,4.69,0.62,0.42,16.6,6.19,65.1,2725,30,179,8,227,10,"Very High","High",11.0091743119266,65.6880733944954,2.93577981651376,83.302752293578,79.6330275229358,0.1212,1,0.3694,2,3.1876,0.531266666666667,9
"406",2024-07-24,2024-07-23,"12_B","12","B","0.4","0",7,7,0.9569,0.1367,1.8912,NA,2.35,28.1,6.3,30.2,2560,27,4,0,44,13,"Med","Low",10.546875,1.5625,0,17.1875,12.109375,0,0,0,0,0.9569,0.1367,1
"407",2024-08-04,2024-08-03,"12_B","12","B","0.4","0",5,7,2.2345,0.4469,4.37,6.86,0.38,26.8,4.61,22,3955,9,12,0,24,3,"Med","Low",2.275600505689,3.03413400758533,0,6.06826801517067,5.30973451327434,0,0,0,0,2.2345,0.4469,2
"408",2024-08-18,2024-08-17,"12_B","12","B","0.4","0",3,5,1.6811,0.560366666666667,0.42,0.35,0.39,25.9,4.41,45.2,4050,1,0,0,7,6,"Med","Low",0.246913580246914,0,0,1.7283950617284,0.246913580246914,0,0,0,0,1.6811,0.560366666666667,3
"409",2024-09-01,2024-08-31,"12_B","12","B","0.4","0",1,3,0.6438,0.6438,0.73,0.55,NA,NA,NA,NA,3790,10,0,0,13,3,"Low","None",2.63852242744063,0,0,3.43007915567282,2.63852242744063,0.2896,1,0.2896,1,0.9334,0.4667,4
"410",2024-09-14,2024-09-14,"12_B","12","B","0.4","0",0,NA,0,0,0.73,1.16,0.4,24.9,4.96,55.8,3725,5,2,0,11,4,"Low","Low",1.34228187919463,0.536912751677852,0,2.95302013422819,1.87919463087248,0.2394,1,1.1061,3,1.1061,1.1061,5
"411",2024-09-28,2024-09-28,"12_B","12","B","0.4","0",0,NA,0,0,6.56,3.74,0.38,24.6,4.95,57.4,3350,386,13,7,423,17,"Med","High",115.223880597015,3.88059701492537,2.08955223880597,126.268656716418,121.194029850746,0.2394,1,1.1061,3,1.1061,1.1061,6
"412",2024-10-12,2024-10-12,"12_B","12","B","0.4","0",0,NA,0,0,5.03,6.56,0.31,18.9,6.13,59.8,2840,23,12,0,48,13,"Med","Med",8.09859154929577,4.22535211267606,0,16.9014084507042,12.3239436619718,0.2394,1,1.1061,3,1.1061,1.1061,7
"413",2024-10-26,2024-10-26,"12_B","12","B","0.4","0",0,NA,0,0,3.47,4.91,0.42,21,6.15,57.1,3065,43,27,2,96,24,"Med","High",14.0293637846656,8.80913539967374,0.65252854812398,31.3213703099511,23.4910277324633,0.2394,1,1.1061,3,1.1061,1.1061,8
"414",2024-11-16,2024-11-16,"12_B","12","B","0.4","0",0,NA,0,0,1.32,0.62,0.42,16.6,6.19,65.1,2725,30,179,8,227,10,"Very High","High",11.0091743119266,65.6880733944954,2.93577981651376,83.302752293578,79.6330275229358,0.2394,1,1.1061,3,1.1061,1.1061,9
"415",2024-07-24,2024-07-23,"12_C","12","C","0.4","1",34,83,2.1189,0.0623205882352941,2.5344,NA,2.35,28.1,6.3,30.2,2560,27,4,0,44,13,"Med","Low",10.546875,1.5625,0,17.1875,12.109375,0,0,0,0,2.1189,0.0623205882352941,1
"416",2024-08-04,2024-08-03,"12_C","12","C","0.4","1",17,34,4.0789,0.239935294117647,3.46,6.86,0.38,26.8,4.61,22,3955,9,12,0,24,3,"Med","Low",2.275600505689,3.03413400758533,0,6.06826801517067,5.30973451327434,0,0,0,0,4.0789,0.239935294117647,2
"417",2024-08-18,2024-08-17,"12_C","12","C","0.4","1",17,17,4.7635,0.280205882352941,0.28,0.35,0.39,25.9,4.41,45.2,4050,1,0,0,7,6,"Med","Low",0.246913580246914,0,0,1.7283950617284,0.246913580246914,0,0,0,0,4.7635,0.280205882352941,3
"418",2024-09-01,2024-08-31,"12_C","12","C","0.4","1",16,17,4.6136,0.28835,0.82,0.55,NA,NA,NA,NA,3790,10,0,0,13,3,"Low","None",2.63852242744063,0,0,3.43007915567282,2.63852242744063,0,0,0,0,4.6136,0.28835,4
"419",2024-09-14,2024-09-14,"12_C","12","C","0.4","1",17,16,4.6873,0.275723529411765,0.83,1.16,0.4,24.9,4.96,55.8,3725,5,2,0,11,4,"Low","Low",1.34228187919463,0.536912751677852,0,2.95302013422819,1.87919463087248,0,0,0,0,4.6873,0.275723529411765,5
"420",2024-09-28,2024-09-28,"12_C","12","C","0.4","1",15,NA,4.0168,0.267786666666667,5.61,3.74,0.38,24.6,4.95,57.4,3350,386,13,7,423,17,"Med","High",115.223880597015,3.88059701492537,2.08955223880597,126.268656716418,121.194029850746,0,0,0,0,4.0168,0.267786666666667,6
"421",2024-10-12,2024-10-12,"12_C","12","C","0.4","1",13,NA,3.7518,0.2886,8.99,6.56,0.31,18.9,6.13,59.8,2840,23,12,0,48,13,"Med","Med",8.09859154929577,4.22535211267606,0,16.9014084507042,12.3239436619718,0,0,0,0,3.7518,0.2886,7
"422",2024-10-26,2024-10-26,"12_C","12","C","0.4","1",9,NA,2.9059,0.322877777777778,4.42,4.91,0.42,21,6.15,57.1,3065,43,27,2,96,24,"Med","High",14.0293637846656,8.80913539967374,0.65252854812398,31.3213703099511,23.4910277324633,0,0,0,0,2.9059,0.322877777777778,8
"423",2024-11-16,2024-11-16,"12_C","12","C","0.4","1",8,NA,2.6375,0.3296875,0.68,0.62,0.42,16.6,6.19,65.1,2725,30,179,8,227,10,"Very High","High",11.0091743119266,65.6880733944954,2.93577981651376,83.302752293578,79.6330275229358,0,0,0,0,2.6375,0.3296875,9
"424",2024-07-24,2024-07-23,"12_D","12","D","0.4","1",8,32,1.2038,0.150475,24.84192,NA,2.35,28.1,6.3,30.2,2560,27,4,0,44,13,"Med","Low",10.546875,1.5625,0,17.1875,12.109375,0,0,0,0,1.2038,0.150475,1
"425",2024-08-04,2024-08-03,"12_D","12","D","0.4","1",8,8,3.9094,0.488675,4.5,6.86,0.38,26.8,4.61,22,3955,9,12,0,24,3,"Med","Low",2.275600505689,3.03413400758533,0,6.06826801517067,5.30973451327434,0,0,0,0,3.9094,0.488675,2
"426",2024-08-18,2024-08-17,"12_D","12","D","0.4","1",7,8,3.4669,0.495271428571429,0.27,0.35,0.39,25.9,4.41,45.2,4050,1,0,0,7,6,"Med","Low",0.246913580246914,0,0,1.7283950617284,0.246913580246914,0,0,0,0,3.4669,0.495271428571429,3
"427",2024-09-01,2024-08-31,"12_D","12","D","0.4","1",4,7,1.9326,0.48315,0.44,0.55,NA,NA,NA,NA,3790,10,0,0,13,3,"Low","None",2.63852242744063,0,0,3.43007915567282,2.63852242744063,0.4737,2,0.4737,2,2.4063,0.40105,4
"428",2024-09-14,2024-09-14,"12_D","12","D","0.4","1",4,4,2.1751,0.543775,0.95,1.16,0.4,24.9,4.96,55.8,3725,5,2,0,11,4,"Low","Low",1.34228187919463,0.536912751677852,0,2.95302013422819,1.87919463087248,0.4737,2,0.4737,2,2.6488,0.441466666666667,5
"429",2024-09-28,2024-09-28,"12_D","12","D","0.4","1",4,NA,2.1344,0.5336,7.2,3.74,0.38,24.6,4.95,57.4,3350,386,13,7,423,17,"Med","High",115.223880597015,3.88059701492537,2.08955223880597,126.268656716418,121.194029850746,0.4737,2,0.4737,2,2.6081,0.434683333333333,6
"430",2024-10-12,2024-10-12,"12_D","12","D","0.4","1",0,NA,0,0,8.33,6.56,0.31,18.9,6.13,59.8,2840,23,12,0,48,13,"Med","Med",8.09859154929577,4.22535211267606,0,16.9014084507042,12.3239436619718,0.1728,1,0.6465,3,0.6465,0.6465,7
"431",2024-10-26,2024-10-26,"12_D","12","D","0.4","1",0,NA,0,0,4.54,4.91,0.42,21,6.15,57.1,3065,43,27,2,96,24,"Med","High",14.0293637846656,8.80913539967374,0.65252854812398,31.3213703099511,23.4910277324633,0.1728,1,0.6465,3,0.6465,0.6465,8
"432",2024-11-16,2024-11-16,"12_D","12","D","0.4","1",0,NA,0,0,2.03,0.62,0.42,16.6,6.19,65.1,2725,30,179,8,227,10,"Very High","High",11.0091743119266,65.6880733944954,2.93577981651376,83.302752293578,79.6330275229358,0.1728,1,0.6465,3,0.6465,0.6465,9
"433",2024-07-24,2024-07-23,"13_A","13","A","3","0",3,4,0.6623,0.220766666666667,0.4488,NA,2.94,28.2,6.13,1.1,3860,54,137,0,196,5,"Low","Low",13.9896373056995,35.4922279792746,0,50.7772020725389,49.4818652849741,0,0,0,0,0.6623,0.220766666666667,1
"434",2024-08-04,2024-08-03,"13_A","13","A","3","0",1,3,0.1428,0.1428,0.27,0.12,2.94,27,4.15,30.5,3980,2,1,0,7,4,"Med","Low",0.50251256281407,0.251256281407035,0,1.75879396984925,0.753768844221106,0,0,0,0,0.1428,0.1428,2
"435",2024-08-18,2024-08-17,"13_A","13","A","3","0",0,NA,0,0,0.1,0.08,3.02,26.1,5.32,38.9,3875,4,0,0,6,2,"Med","Med",1.03225806451613,0,0,1.54838709677419,1.03225806451613,0,0,0,0,0,0,3
"436",2024-09-01,2024-08-31,"13_A","13","A","3","0",0,NA,0,0,0.47,0.45,3.07,27.5,5.72,48.6,3760,3,0,0,5,2,"Low","None",0.797872340425532,0,0,1.32978723404255,0.797872340425532,0,0,0,0,0,0,4
"437",2024-09-14,2024-09-14,"13_A","13","A","3","0",0,NA,0,0,0.74,1,3.07,23.2,5.77,48.3,3800,6,0,0,10,4,"Med","None",1.57894736842105,0,0,2.63157894736842,1.57894736842105,0,0,0,0,0,0,5
"438",2024-09-28,2024-09-28,"13_A","13","A","3","0",0,NA,0,0,9.93,20.97,2.71,25.5,5.5,27.9,4090,5,0,0,5,0,"Med","Low",1.22249388753056,0,0,1.22249388753056,1.22249388753056,0,0,0,0,0,0,6
"439",2024-10-12,2024-10-12,"13_A","13","A","3","0",0,NA,0,0,2.76,2.77,3.12,18.8,6.13,68.5,3825,71,0,0,76,5,"High","Med",18.562091503268,0,0,19.8692810457516,18.562091503268,0,0,0,0,0,0,7
"440",2024-10-26,2024-10-26,"13_A","13","A","3","0",0,NA,0,0,1.55,1.01,3.02,21,6.13,54.6,3750,59,0,0,62,3,"Low","Med",15.7333333333333,0,0,16.5333333333333,15.7333333333333,0,0,0,0,0,0,8
"441",2024-11-16,2024-11-16,"13_A","13","A","3","0",0,NA,0,0,0.63,0.88,3,15.9,6.12,58.2,3590,130,0,0,141,11,"High","High",36.2116991643454,0,0,39.2757660167131,36.2116991643454,0,0,0,0,0,0,9
"442",2024-07-24,2024-07-23,"13_B","13","B","3","0",20,21,1.5497,0.077485,0.2568,NA,2.94,28.2,6.13,1.1,3860,54,137,0,196,5,"Low","Low",13.9896373056995,35.4922279792746,0,50.7772020725389,49.4818652849741,0,0,0,0,1.5497,0.077485,1
"443",2024-08-04,2024-08-03,"13_B","13","B","3","0",14,20,1.2079,0.0862785714285714,0.18,0.12,2.94,27,4.15,30.5,3980,2,1,0,7,4,"Med","Low",0.50251256281407,0.251256281407035,0,1.75879396984925,0.753768844221106,0,0,0,0,1.2079,0.0862785714285714,2
"444",2024-08-18,2024-08-17,"13_B","13","B","3","0",11,14,2.4007,0.218245454545455,0.16,0.08,3.02,26.1,5.32,38.9,3875,4,0,0,6,2,"Med","Med",1.03225806451613,0,0,1.54838709677419,1.03225806451613,0,0,0,0,2.4007,0.218245454545455,3
"445",2024-09-01,2024-08-31,"13_B","13","B","3","0",7,11,2.0958,0.2994,0.44,0.45,3.07,27.5,5.72,48.6,3760,3,0,0,5,2,"Low","None",0.797872340425532,0,0,1.32978723404255,0.797872340425532,0,0,0,0,2.0958,0.2994,4
"446",2024-09-15,2024-09-14,"13_B","13","B","3","0",7,7,3.2145,0.459214285714286,0.63,1,3.07,23.2,5.77,48.3,3800,6,0,0,10,4,"Med","None",1.57894736842105,0,0,2.63157894736842,1.57894736842105,0,0,0,0,3.2145,0.459214285714286,5
"447",2024-09-28,2024-09-28,"13_B","13","B","3","0",7,NA,3.5821,0.511728571428571,8.64,20.97,2.71,25.5,5.5,27.9,4090,5,0,0,5,0,"Med","Low",1.22249388753056,0,0,1.22249388753056,1.22249388753056,0,0,0,0,3.5821,0.511728571428571,6
"448",2024-10-12,2024-10-12,"13_B","13","B","3","0",5,NA,2.8306,0.56612,2.02,2.77,3.12,18.8,6.13,68.5,3825,71,0,0,76,5,"High","Med",18.562091503268,0,0,19.8692810457516,18.562091503268,0.2282,1,0.2282,1,3.0588,0.5098,7
"449",2024-10-26,2024-10-26,"13_B","13","B","3","0",4,NA,2.2741,0.568525,1.06,1.01,3.02,21,6.13,54.6,3750,59,0,0,62,3,"Low","Med",15.7333333333333,0,0,16.5333333333333,15.7333333333333,0.2282,1,0.2282,1,2.5023,0.50046,8
"450",2024-11-16,2024-11-16,"13_B","13","B","3","0",3,NA,1.7062,0.568733333333333,0.63,0.88,3,15.9,6.12,58.2,3590,130,0,0,141,11,"High","High",36.2116991643454,0,0,39.2757660167131,36.2116991643454,0.2282,1,0.2282,1,1.9344,0.4836,9
"451",2024-07-24,2024-07-23,"13_C","13","C","3","1",23,69,0.9745,0.0423695652173913,0.14784,NA,2.94,28.2,6.13,1.1,3860,54,137,0,196,5,"Low","Low",13.9896373056995,35.4922279792746,0,50.7772020725389,49.4818652849741,0,0,0,0,0.9745,0.0423695652173913,1
"452",2024-08-04,2024-08-03,"13_C","13","C","3","1",6,23,0.8403,0.14005,0.15,0.12,2.94,27,4.15,30.5,3980,2,1,0,7,4,"Med","Low",0.50251256281407,0.251256281407035,0,1.75879396984925,0.753768844221106,0,0,0,0,0.8403,0.14005,2
"453",2024-08-18,2024-08-17,"13_C","13","C","3","1",5,6,1.8817,0.37634,0.15,0.08,3.02,26.1,5.32,38.9,3875,4,0,0,6,2,"Med","Med",1.03225806451613,0,0,1.54838709677419,1.03225806451613,0,0,0,0,1.8817,0.37634,3
"454",2024-09-01,2024-08-31,"13_C","13","C","3","1",4,5,1.3747,0.343675,0.69,0.45,3.07,27.5,5.72,48.6,3760,3,0,0,5,2,"Low","None",0.797872340425532,0,0,1.32978723404255,0.797872340425532,0,0,0,0,1.3747,0.343675,4
"455",2024-09-15,2024-09-14,"13_C","13","C","3","1",4,4,2.407,0.60175,1.18,1,3.07,23.2,5.77,48.3,3800,6,0,0,10,4,"Med","None",1.57894736842105,0,0,2.63157894736842,1.57894736842105,0,0,0,0,2.407,0.60175,5
"456",2024-09-28,2024-09-28,"13_C","13","C","3","1",3,NA,2.1987,0.7329,11.65,20.97,2.71,25.5,5.5,27.9,4090,5,0,0,5,0,"Med","Low",1.22249388753056,0,0,1.22249388753056,1.22249388753056,0,0,0,0,2.1987,0.7329,6
"457",2024-10-12,2024-10-12,"13_C","13","C","3","1",1,NA,0.8234,0.8234,2.98,2.77,3.12,18.8,6.13,68.5,3825,71,0,0,76,5,"High","Med",18.562091503268,0,0,19.8692810457516,18.562091503268,0.5335,2,0.7237,3,1.5471,0.5157,7
"458",2024-10-26,2024-10-26,"13_C","13","C","3","1",0,NA,0,0,1.38,1.01,3.02,21,6.13,54.6,3750,59,0,0,62,3,"Low","Med",15.7333333333333,0,0,16.5333333333333,15.7333333333333,0.2211,1,0.9448,4,0.9448,0.9448,8
"459",2024-11-16,2024-11-16,"13_C","13","C","3","1",0,NA,0,0,0.42,0.88,3,15.9,6.12,58.2,3590,130,0,0,141,11,"High","High",36.2116991643454,0,0,39.2757660167131,36.2116991643454,0.2211,1,0.9448,4,0.9448,0.9448,9
"460",2024-07-24,2024-07-23,"13_D","13","D","3","1",21,39,1.1875,0.056547619047619,0.228,NA,2.94,28.2,6.13,1.1,3860,54,137,0,196,5,"Low","Low",13.9896373056995,35.4922279792746,0,50.7772020725389,49.4818652849741,0,0,0,0,1.1875,0.056547619047619,1
"461",2024-08-04,2024-08-03,"13_D","13","D","3","1",12,21,0.9368,0.0780666666666667,0.12,0.12,2.94,27,4.15,30.5,3980,2,1,0,7,4,"Med","Low",0.50251256281407,0.251256281407035,0,1.75879396984925,0.753768844221106,0,0,0,0,0.9368,0.0780666666666667,2
"462",2024-08-18,2024-08-17,"13_D","13","D","3","1",12,12,2.1786,0.18155,0.13,0.08,3.02,26.1,5.32,38.9,3875,4,0,0,6,2,"Med","Med",1.03225806451613,0,0,1.54838709677419,1.03225806451613,0,0,0,0,2.1786,0.18155,3
"463",2024-09-01,2024-08-31,"13_D","13","D","3","1",10,12,1.9956,0.19956,0.35,0.45,3.07,27.5,5.72,48.6,3760,3,0,0,5,2,"Low","None",0.797872340425532,0,0,1.32978723404255,0.797872340425532,0,0,0,0,1.9956,0.19956,4
"464",2024-09-15,2024-09-14,"13_D","13","D","3","1",11,10,2.8327,0.257518181818182,1.63,1,3.07,23.2,5.77,48.3,3800,6,0,0,10,4,"Med","None",1.57894736842105,0,0,2.63157894736842,1.57894736842105,0,0,0,0,2.8327,0.257518181818182,5
"465",2024-09-28,2024-09-28,"13_D","13","D","3","1",11,NA,3.7483,0.340754545454545,12.13,20.97,2.71,25.5,5.5,27.9,4090,5,0,0,5,0,"Med","Low",1.22249388753056,0,0,1.22249388753056,1.22249388753056,0,0,0,0,3.7483,0.340754545454545,6
"466",2024-10-12,2024-10-12,"13_D","13","D","3","1",11,NA,3.9312,0.357381818181818,1.55,2.77,3.12,18.8,6.13,68.5,3825,71,0,0,76,5,"High","Med",18.562091503268,0,0,19.8692810457516,18.562091503268,0,0,0,0,3.9312,0.357381818181818,7
"467",2024-10-26,2024-10-26,"13_D","13","D","3","1",10,NA,3.4423,0.34423,2.26,1.01,3.02,21,6.13,54.6,3750,59,0,0,62,3,"Low","Med",15.7333333333333,0,0,16.5333333333333,15.7333333333333,0,0,0,0,3.4423,0.34423,8
"468",2024-11-16,2024-11-16,"13_D","13","D","3","1",9,NA,3.2044,0.356044444444444,1.76,0.88,3,15.9,6.12,58.2,3590,130,0,0,141,11,"High","High",36.2116991643454,0,0,39.2757660167131,36.2116991643454,0,0,0,0,3.2044,0.356044444444444,9
"469",2024-07-24,2024-07-23,"14_A","14","A","0.4","1",27,38,1.2937,0.0479148148148148,2.1768,NA,0.39,28,5.71,26,3890,32,355,0,398,11,"Low","Low",8.22622107969152,91.2596401028278,0,102.313624678663,99.4858611825193,0,0,0,0,1.2937,0.0479148148148148,1
"470",2024-08-04,2024-08-03,"14_A","14","A","0.4","1",14,27,1.3331,0.0952214285714286,1.1,1.83,0.51,27,3.94,34.1,3815,2,3,0,8,3,"Low","HIgh",0.524246395806029,0.786369593709043,0,2.09698558322412,1.31061598951507,0,0,0,0,1.3331,0.0952214285714286,2
"471",2024-08-18,2024-08-17,"14_A","14","A","0.4","1",12,14,1.5164,0.126366666666667,0.84,0.89,0.41,27,3.77,48.4,3900,0,0,0,9,9,"Med","Med",0,0,0,2.30769230769231,0,0,0,0,0,1.5164,0.126366666666667,3
"472",2024-09-01,2024-08-31,"14_A","14","A","0.4","1",1,12,0.174,0.174,0.45,0.58,0.41,27.5,3.93,54.6,3650,0,0,0,3,3,"Med","Low",0,0,0,0.821917808219178,0,0,0,0,0,0.174,0.174,4
"473",2024-09-15,2024-09-14,"14_A","14","A","0.4","1",0,NA,0,0,0.32,0.43,0.42,23.1,3.96,55.7,3535,0,0,0,18,18,"Low","Low",0,0,0,5.09193776520509,0,0,0,0,0,0,0,5
"474",2024-09-28,2024-09-28,"14_A","14","A","0.4","1",0,NA,0,0,0.82,0.57,0.39,25.1,4.05,57.1,4065,0,0,0,66,66,"High","High",0,0,0,16.2361623616236,0,0,0,0,0,0,0,6
"475",2024-10-12,2024-10-12,"14_A","14","A","0.4","1",0,NA,0,0,1.26,0.59,0.41,18.1,4.28,69.3,3775,0,0,0,31,31,"Med","Low",0,0,0,8.21192052980133,0,0,0,0,0,0,0,7
"476",2024-10-26,2024-10-26,"14_A","14","A","0.4","1",0,NA,0,0,1.19,0.75,0.42,21.1,4.35,71.7,3715,0,0,0,48,48,"Med","Med",0,0,0,12.9205921938089,0,0,0,0,0,0,0,8
"477",2024-11-16,2024-11-16,"14_A","14","A","0.4","1",0,NA,0,0,3.3,4.13,0.42,15.9,4.12,76.3,3935,0,0,0,53,53,"Med","Med",0,0,0,13.4688691232529,0,0,0,0,0,0,0,9
"478",2024-07-24,2024-07-23,"14_B","14","B","0.4","0",16,19,1.0958,0.0684875,0.61104,NA,0.39,28,5.71,26,3890,32,355,0,398,11,"Low","Low",8.22622107969152,91.2596401028278,0,102.313624678663,99.4858611825193,0,0,0,0,1.0958,0.0684875,1
"479",2024-08-04,2024-08-03,"14_B","14","B","0.4","0",16,16,2.2354,0.1397125,1.07,1.83,0.51,27,3.94,34.1,3815,2,3,0,8,3,"Low","HIgh",0.524246395806029,0.786369593709043,0,2.09698558322412,1.31061598951507,0,0,0,0,2.2354,0.1397125,2
"480",2024-08-18,2024-08-17,"14_B","14","B","0.4","0",10,16,1.0239,0.10239,0.83,0.89,0.41,27,3.77,48.4,3900,0,0,0,9,9,"Med","Med",0,0,0,2.30769230769231,0,0,0,0,0,1.0239,0.10239,3
"481",2024-09-01,2024-08-31,"14_B","14","B","0.4","0",0,NA,0,0,0.12,0.58,0.41,27.5,3.93,54.6,3650,0,0,0,3,3,"Med","Low",0,0,0,0.821917808219178,0,0.1594,1,0.1594,1,0.1594,0.1594,4
"482",2024-09-15,2024-09-14,"14_B","14","B","0.4","0",0,NA,0,0,0.34,0.43,0.42,23.1,3.96,55.7,3535,0,0,0,18,18,"Low","Low",0,0,0,5.09193776520509,0,0.1594,1,0.1594,1,0.1594,0.1594,5
"483",2024-09-28,2024-09-28,"14_B","14","B","0.4","0",0,NA,0,0,0.92,0.57,0.39,25.1,4.05,57.1,4065,0,0,0,66,66,"High","High",0,0,0,16.2361623616236,0,0.1594,1,0.1594,1,0.1594,0.1594,6
"484",2024-10-12,2024-10-12,"14_B","14","B","0.4","0",0,NA,0,0,0.59,0.59,0.41,18.1,4.28,69.3,3775,0,0,0,31,31,"Med","Low",0,0,0,8.21192052980133,0,0.1594,1,0.1594,1,0.1594,0.1594,7
"485",2024-10-26,2024-10-26,"14_B","14","B","0.4","0",0,NA,0,0,1.08,0.75,0.42,21.1,4.35,71.7,3715,0,0,0,48,48,"Med","Med",0,0,0,12.9205921938089,0,0.1594,1,0.1594,1,0.1594,0.1594,8
"486",2024-11-16,2024-11-16,"14_B","14","B","0.4","0",0,NA,0,0,2.84,4.13,0.42,15.9,4.12,76.3,3935,0,0,0,53,53,"Med","Med",0,0,0,13.4688691232529,0,0.1594,1,0.1594,1,0.1594,0.1594,9
"487",2024-07-24,2024-07-23,"14_C","14","C","0.4","1",22,72,1.3919,0.0632681818181818,2.8152,NA,0.39,28,5.71,26,3890,32,355,0,398,11,"Low","Low",8.22622107969152,91.2596401028278,0,102.313624678663,99.4858611825193,0,0,0,0,1.3919,0.0632681818181818,1
"488",2024-08-04,2024-08-03,"14_C","14","C","0.4","1",11,22,1.2076,0.109781818181818,1.04,1.83,0.51,27,3.94,34.1,3815,2,3,0,8,3,"Low","HIgh",0.524246395806029,0.786369593709043,0,2.09698558322412,1.31061598951507,0,0,0,0,1.2076,0.109781818181818,2
"489",2024-08-18,2024-08-17,"14_C","14","C","0.4","1",7,11,1.0094,0.1442,0.96,0.89,0.41,27,3.77,48.4,3900,0,0,0,9,9,"Med","Med",0,0,0,2.30769230769231,0,0,0,0,0,1.0094,0.1442,3
"490",2024-09-01,2024-08-31,"14_C","14","C","0.4","1",1,7,0.0861,0.0861,0.47,0.58,0.41,27.5,3.93,54.6,3650,0,0,0,3,3,"Med","Low",0,0,0,0.821917808219178,0,0,0,0,0,0.0861,0.0861,4
"491",2024-09-15,2024-09-14,"14_C","14","C","0.4","1",0,NA,0,0,0.44,0.43,0.42,23.1,3.96,55.7,3535,0,0,0,18,18,"Low","Low",0,0,0,5.09193776520509,0,0,0,0,0,0,0,5
"492",2024-09-28,2024-09-28,"14_C","14","C","0.4","1",0,NA,0,0,0.71,0.57,0.39,25.1,4.05,57.1,4065,0,0,0,66,66,"High","High",0,0,0,16.2361623616236,0,0,0,0,0,0,0,6
"493",2024-10-12,2024-10-12,"14_C","14","C","0.4","1",0,NA,0,0,0.72,0.59,0.41,18.1,4.28,69.3,3775,0,0,0,31,31,"Med","Low",0,0,0,8.21192052980133,0,0,0,0,0,0,0,7
"494",2024-10-26,2024-10-26,"14_C","14","C","0.4","1",0,NA,0,0,0.93,0.75,0.42,21.1,4.35,71.7,3715,0,0,0,48,48,"Med","Med",0,0,0,12.9205921938089,0,0,0,0,0,0,0,8
"495",2024-11-16,2024-11-16,"14_C","14","C","0.4","1",0,NA,0,0,2.64,4.13,0.42,15.9,4.12,76.3,3935,0,0,0,53,53,"Med","Med",0,0,0,13.4688691232529,0,0,0,0,0,0,0,9
"496",2024-07-24,2024-07-23,"14_D","14","D","0.4","0",4,5,0.8147,0.203675,3.92208,NA,0.39,28,5.71,26,3890,32,355,0,398,11,"Low","Low",8.22622107969152,91.2596401028278,0,102.313624678663,99.4858611825193,0,0,0,0,0.8147,0.203675,1
"497",2024-08-04,2024-08-03,"14_D","14","D","0.4","0",3,4,2.1422,0.714066666666667,1.5,1.83,0.51,27,3.94,34.1,3815,2,3,0,8,3,"Low","HIgh",0.524246395806029,0.786369593709043,0,2.09698558322412,1.31061598951507,0,0,0,0,2.1422,0.714066666666667,2
"498",2024-08-18,2024-08-17,"14_D","14","D","0.4","0",3,3,1.3357,0.445233333333333,1.01,0.89,0.41,27,3.77,48.4,3900,0,0,0,9,9,"Med","Med",0,0,0,2.30769230769231,0,0,0,0,0,1.3357,0.445233333333333,3
"499",2024-09-01,2024-08-31,"14_D","14","D","0.4","0",1,3,0.3833,0.3833,0.32,0.58,0.41,27.5,3.93,54.6,3650,0,0,0,3,3,"Med","Low",0,0,0,0.821917808219178,0,0.1866,1,0.1866,1,0.5699,0.28495,4
"500",2024-09-15,2024-09-14,"14_D","14","D","0.4","0",0,NA,0,0,0.38,0.43,0.42,23.1,3.96,55.7,3535,0,0,0,18,18,"Low","Low",0,0,0,5.09193776520509,0,0.1866,1,0.1866,1,0.1866,0.1866,5
"501",2024-09-28,2024-09-28,"14_D","14","D","0.4","0",0,NA,0,0,1.18,0.57,0.39,25.1,4.05,57.1,4065,0,0,0,66,66,"High","High",0,0,0,16.2361623616236,0,0.1866,1,0.1866,1,0.1866,0.1866,6
"502",2024-10-12,2024-10-12,"14_D","14","D","0.4","0",0,NA,0,0,0.78,0.59,0.41,18.1,4.28,69.3,3775,0,0,0,31,31,"Med","Low",0,0,0,8.21192052980133,0,0.1866,1,0.1866,1,0.1866,0.1866,7
"503",2024-10-26,2024-10-26,"14_D","14","D","0.4","0",0,NA,0,0,1.26,0.75,0.42,21.1,4.35,71.7,3715,0,0,0,48,48,"Med","Med",0,0,0,12.9205921938089,0,0.1866,1,0.1866,1,0.1866,0.1866,8
"504",2024-11-16,2024-11-16,"14_D","14","D","0.4","0",0,NA,0,0,2.59,4.13,0.42,15.9,4.12,76.3,3935,0,0,0,53,53,"Med","Med",0,0,0,13.4688691232529,0,0.1866,1,0.1866,1,0.1866,0.1866,9
"505",2024-07-24,2024-07-23,"15_A","15","A","5","0",2,4,0.6532,0.3266,0.20592,NA,4.89,28.5,6.23,1.2,3920,21,10,0,34,3,"Low","Low",5.35714285714286,2.55102040816327,0,8.6734693877551,7.90816326530612,0,0,0,0,0.6532,0.3266,1
"506",2024-08-04,2024-08-03,"15_A","15","A","5","0",2,2,1.3915,0.69575,1.05,27.85,5.01,27.4,6.03,38.9,4005,43,0,0,48,5,"Med","Low",10.7365792759051,0,0,11.9850187265918,10.7365792759051,0,0,0,0,1.3915,0.69575,2
"507",2024-08-18,2024-08-17,"15_A","15","A","5","0",1,2,0.804,0.804,7.48,7.2,5.11,27.4,6.41,51.7,4025,192,0,0,197,5,"Med","Low",47.7018633540373,0,0,48.944099378882,47.7018633540373,0,0,0,0,0.804,0.804,3
"508",2024-09-01,2024-08-31,"15_A","15","A","5","0",0,NA,0,0,6.22,5.45,5.1,28.3,6.44,47.4,3930,135,0,0,136,1,"Med","Low",34.3511450381679,0,0,34.6055979643766,34.3511450381679,0,0,0,0,0,0,4
"509",2024-09-15,2024-09-14,"15_A","15","A","5","0",0,NA,0,0,6.62,13.89,5.05,23.4,6.41,47.6,4030,91,0,57,158,10,"Med","Low",22.5806451612903,0,14.1439205955335,39.2059553349876,36.7245657568238,0,0,0,0,0,0,5
"510",2024-09-28,2024-09-28,"15_A","15","A","5","0",0,NA,0,0,1.6,0.8,4.57,25.4,6.39,30.6,4150,261,0,263,536,12,"Med","High",62.8915662650602,0,63.3734939759036,129.156626506024,126.265060240964,0,0,0,0,0,0,6
"511",2024-10-12,2024-10-12,"15_A","15","A","5","0",0,NA,0,0,1.27,0.51,5.16,19,6.66,58.7,4035,101,0,440,543,2,"Med","None",25.0309789343247,0,109.0458488228,134.57249070632,134.076827757125,0,0,0,0,0,0,7
"512",2024-10-26,2024-10-26,"15_A","15","A","5","0",0,NA,0,0,0.97,2.13,4.99,21.3,6.2,53.1,3940,91,0,1492,1584,1,"Low","Low",23.0964467005076,0,378.680203045685,402.030456852792,401.776649746193,0,0,0,0,0,0,8
"513",2024-11-16,2024-11-16,"15_A","15","A","5","0",0,NA,0,0,1.78,2.95,5.05,16.7,6.37,67.4,4295,56,0,1222,1292,14,"Med","Low",13.0384167636787,0,284.516880093132,300.81490104773,297.55529685681,0,0,0,0,0,0,9
"514",2024-07-24,2024-07-23,"15_B","15","B","5","1",35,41,2.8356,0.0810171428571429,0.20112,NA,4.89,28.5,6.23,1.2,3920,21,10,0,34,3,"Low","Low",5.35714285714286,2.55102040816327,0,8.6734693877551,7.90816326530612,0,0,0,0,2.8356,0.0810171428571429,1
"515",2024-08-04,2024-08-03,"15_B","15","B","5","1",26,35,3.7755,0.145211538461538,2.82,27.85,5.01,27.4,6.03,38.9,4005,43,0,0,48,5,"Med","Low",10.7365792759051,0,0,11.9850187265918,10.7365792759051,0,0,0,0,3.7755,0.145211538461538,2
"516",2024-08-18,2024-08-17,"15_B","15","B","5","1",26,26,5.4478,0.209530769230769,4.61,7.2,5.11,27.4,6.41,51.7,4025,192,0,0,197,5,"Med","Low",47.7018633540373,0,0,48.944099378882,47.7018633540373,0,0,0,0,5.4478,0.209530769230769,3
"517",2024-09-01,2024-08-31,"15_B","15","B","5","1",25,26,7.0265,0.28106,7.17,5.45,5.1,28.3,6.44,47.4,3930,135,0,0,136,1,"Med","Low",34.3511450381679,0,0,34.6055979643766,34.3511450381679,0,0,0,0,7.0265,0.28106,4
"518",2024-09-15,2024-09-14,"15_B","15","B","5","1",22,25,6.6319,0.30145,5.45,13.89,5.05,23.4,6.41,47.6,4030,91,0,57,158,10,"Med","Low",22.5806451612903,0,14.1439205955335,39.2059553349876,36.7245657568238,0,0,0,0,6.6319,0.30145,5
"519",2024-09-28,2024-09-28,"15_B","15","B","5","1",22,NA,6.1643,0.280195454545455,0.93,0.8,4.57,25.4,6.39,30.6,4150,261,0,263,536,12,"Med","High",62.8915662650602,0,63.3734939759036,129.156626506024,126.265060240964,0,0,0,0,6.1643,0.280195454545455,6
"520",2024-10-12,2024-10-12,"15_B","15","B","5","1",18,NA,4.5573,0.253183333333333,0.67,0.51,5.16,19,6.66,58.7,4035,101,0,440,543,2,"Med","None",25.0309789343247,0,109.0458488228,134.57249070632,134.076827757125,0.4885,2,0.4885,2,5.0458,0.25229,7
"521",2024-10-26,2024-10-26,"15_B","15","B","5","1",8,NA,2.1515,0.2689375,1.76,2.13,4.99,21.3,6.2,53.1,3940,91,0,1492,1584,1,"Low","Low",23.0964467005076,0,378.680203045685,402.030456852792,401.776649746193,0.4885,2,0.4885,2,2.64,0.264,8
"522",2024-11-16,2024-11-16,"15_B","15","B","5","1",2,NA,0.6423,0.32115,2.57,2.95,5.05,16.7,6.37,67.4,4295,56,0,1222,1292,14,"Med","Low",13.0384167636787,0,284.516880093132,300.81490104773,297.55529685681,0.4885,2,0.4885,2,1.1308,0.2827,9
"523",2024-07-24,2024-07-23,"15_C","15","C","5","1",28,66,2.3933,0.085475,0.10896,NA,4.89,28.5,6.23,1.2,3920,21,10,0,34,3,"Low","Low",5.35714285714286,2.55102040816327,0,8.6734693877551,7.90816326530612,0,0,0,0,2.3933,0.085475,1
"524",2024-08-04,2024-08-03,"15_C","15","C","5","1",15,28,2.509,0.167266666666667,3.49,27.85,5.01,27.4,6.03,38.9,4005,43,0,0,48,5,"Med","Low",10.7365792759051,0,0,11.9850187265918,10.7365792759051,0,0,0,0,2.509,0.167266666666667,2
"525",2024-08-18,2024-08-17,"15_C","15","C","5","1",14,15,4.0726,0.2909,4.66,7.2,5.11,27.4,6.41,51.7,4025,192,0,0,197,5,"Med","Low",47.7018633540373,0,0,48.944099378882,47.7018633540373,0,0,0,0,4.0726,0.2909,3
"526",2024-09-01,2024-08-31,"15_C","15","C","5","1",13,14,5.1026,0.392507692307692,4.02,5.45,5.1,28.3,6.44,47.4,3930,135,0,0,136,1,"Med","Low",34.3511450381679,0,0,34.6055979643766,34.3511450381679,0,0,0,0,5.1026,0.392507692307692,4
"527",2024-09-15,2024-09-14,"15_C","15","C","5","1",15,13,6.6171,0.44114,8.32,13.89,5.05,23.4,6.41,47.6,4030,91,0,57,158,10,"Med","Low",22.5806451612903,0,14.1439205955335,39.2059553349876,36.7245657568238,0,0,0,0,6.6171,0.44114,5
"528",2024-09-28,2024-09-28,"15_C","15","C","5","1",14,NA,5.1774,0.369814285714286,1.32,0.8,4.57,25.4,6.39,30.6,4150,261,0,263,536,12,"Med","High",62.8915662650602,0,63.3734939759036,129.156626506024,126.265060240964,0,0,0,0,5.1774,0.369814285714286,6
"529",2024-10-12,2024-10-12,"15_C","15","C","5","1",13,NA,5.2514,0.403953846153846,0.84,0.51,5.16,19,6.66,58.7,4035,101,0,440,543,2,"Med","None",25.0309789343247,0,109.0458488228,134.57249070632,134.076827757125,0,0,0,0,5.2514,0.403953846153846,7
"530",2024-10-26,2024-10-26,"15_C","15","C","5","1",12,NA,4.3287,0.360725,1.27,2.13,4.99,21.3,6.2,53.1,3940,91,0,1492,1584,1,"Low","Low",23.0964467005076,0,378.680203045685,402.030456852792,401.776649746193,0,0,0,0,4.3287,0.360725,8
"531",2024-11-16,2024-11-16,"15_C","15","C","5","1",5,NA,1.5193,0.30386,1.08,2.95,5.05,16.7,6.37,67.4,4295,56,0,1222,1292,14,"Med","Low",13.0384167636787,0,284.516880093132,300.81490104773,297.55529685681,0,0,0,0,1.5193,0.30386,9
"532",2024-07-24,2024-07-23,"15_D","15","D","5","0",16,24,1.3923,0.08701875,0.19056,NA,4.89,28.5,6.23,1.2,3920,21,10,0,34,3,"Low","Low",5.35714285714286,2.55102040816327,0,8.6734693877551,7.90816326530612,0,0,0,0,1.3923,0.08701875,1
"533",2024-08-04,2024-08-03,"15_D","15","D","5","0",9,16,2.4614,0.273488888888889,2.57,27.85,5.01,27.4,6.03,38.9,4005,43,0,0,48,5,"Med","Low",10.7365792759051,0,0,11.9850187265918,10.7365792759051,0,0,0,0,2.4614,0.273488888888889,2
"534",2024-08-18,2024-08-17,"15_D","15","D","5","0",9,9,3.7669,0.418544444444444,6.02,7.2,5.11,27.4,6.41,51.7,4025,192,0,0,197,5,"Med","Low",47.7018633540373,0,0,48.944099378882,47.7018633540373,0,0,0,0,3.7669,0.418544444444444,3
"535",2024-09-01,2024-08-31,"15_D","15","D","5","0",9,9,5.2009,0.577877777777778,4.51,5.45,5.1,28.3,6.44,47.4,3930,135,0,0,136,1,"Med","Low",34.3511450381679,0,0,34.6055979643766,34.3511450381679,0,0,0,0,5.2009,0.577877777777778,4
"536",2024-09-15,2024-09-14,"15_D","15","D","5","0",6,9,4.0486,0.674766666666667,5.72,13.89,5.05,23.4,6.41,47.6,4030,91,0,57,158,10,"Med","Low",22.5806451612903,0,14.1439205955335,39.2059553349876,36.7245657568238,1.39,3,1.6302,4,5.6788,0.630977777777778,5
"537",2024-09-28,2024-09-28,"15_D","15","D","5","0",6,NA,3.3829,0.563816666666667,1.86,0.8,4.57,25.4,6.39,30.6,4150,261,0,263,536,12,"Med","High",62.8915662650602,0,63.3734939759036,129.156626506024,126.265060240964,1.39,3,1.6302,4,5.0131,0.557011111111111,6
"538",2024-10-12,2024-10-12,"15_D","15","D","5","0",2,NA,1.0731,0.53655,1,0.51,5.16,19,6.66,58.7,4035,101,0,440,543,2,"Med","None",25.0309789343247,0,109.0458488228,134.57249070632,134.076827757125,0.3964,2,2.0266,6,3.0997,0.774925,7
"539",2024-10-26,2024-10-26,"15_D","15","D","5","0",2,NA,1.1774,0.5887,1.14,2.13,4.99,21.3,6.2,53.1,3940,91,0,1492,1584,1,"Low","Low",23.0964467005076,0,378.680203045685,402.030456852792,401.776649746193,0.3964,2,2.0266,6,3.204,0.801,8
"540",2024-11-16,2024-11-16,"15_D","15","D","5","0",2,NA,0.9813,0.49065,1.11,2.95,5.05,16.7,6.37,67.4,4295,56,0,1222,1292,14,"Med","Low",13.0384167636787,0,284.516880093132,300.81490104773,297.55529685681,0.3964,2,2.0266,6,3.0079,0.751975,9
